-- phpMyAdmin SQL Dump
-- version 4.8.3
-- https://www.phpmyadmin.net/
--
-- Máy chủ: 127.0.0.1
-- Thời gian đã tạo: Th1 01, 2019 lúc 03:31 AM
-- Phiên bản máy phục vụ: 10.1.36-MariaDB
-- Phiên bản PHP: 7.2.11

SET SQL_MODE = "NO_AUTO_VALUE_ON_ZERO";
SET AUTOCOMMIT = 0;
START TRANSACTION;
SET time_zone = "+00:00";


/*!40101 SET @OLD_CHARACTER_SET_CLIENT=@@CHARACTER_SET_CLIENT */;
/*!40101 SET @OLD_CHARACTER_SET_RESULTS=@@CHARACTER_SET_RESULTS */;
/*!40101 SET @OLD_COLLATION_CONNECTION=@@COLLATION_CONNECTION */;
/*!40101 SET NAMES utf8mb4 */;

--
-- Cơ sở dữ liệu: `php31_fashion2`
--

-- --------------------------------------------------------

--
-- Cấu trúc bảng cho bảng `tbl_brand`
--

CREATE TABLE `tbl_brand` (
  `pk_brand_id` int(11) NOT NULL,
  `c_name` varchar(500) COLLATE utf8_unicode_ci NOT NULL,
  `c_addr` varchar(500) COLLATE utf8_unicode_ci NOT NULL,
  `c_img` varchar(500) COLLATE utf8_unicode_ci NOT NULL
) ENGINE=InnoDB DEFAULT CHARSET=utf8 COLLATE=utf8_unicode_ci;

--
-- Đang đổ dữ liệu cho bảng `tbl_brand`
--

INSERT INTO `tbl_brand` (`pk_brand_id`, `c_name`, `c_addr`, `c_img`) VALUES
(1, 'nhãn hiêu 1', '', '1540633520i1.png'),
(2, 'nhãn hiệu 2', '', '1540633537i2.png'),
(3, 'nhãn hiệu 3', '', '1540633562i3.png'),
(4, 'Nhãn hiệu 4', '', '1540633577i4.png'),
(5, 'Nhãn hiệu 5', '', '1540633595i5.png'),
(6, 'Nhãn hiệu 6', '', '1540634178logo-1.png');

-- --------------------------------------------------------

--
-- Cấu trúc bảng cho bảng `tbl_category_news`
--

CREATE TABLE `tbl_category_news` (
  `pk_category_news_id` int(11) NOT NULL,
  `c_name` varchar(500) COLLATE utf8_unicode_ci NOT NULL
) ENGINE=InnoDB DEFAULT CHARSET=utf8 COLLATE=utf8_unicode_ci;

--
-- Đang đổ dữ liệu cho bảng `tbl_category_news`
--

INSERT INTO `tbl_category_news` (`pk_category_news_id`, `c_name`) VALUES
(1, 'TƯ VẤN PHỐI ĐỒ'),
(2, 'THẾ GIỚI THỜI TRANG'),
(3, 'TIN KHUYẾN MẠI');

-- --------------------------------------------------------

--
-- Cấu trúc bảng cho bảng `tbl_category_product`
--

CREATE TABLE `tbl_category_product` (
  `pk_category_product_id` int(11) NOT NULL,
  `c_name` varchar(500) COLLATE utf8_unicode_ci NOT NULL
) ENGINE=InnoDB DEFAULT CHARSET=utf8 COLLATE=utf8_unicode_ci;

--
-- Đang đổ dữ liệu cho bảng `tbl_category_product`
--

INSERT INTO `tbl_category_product` (`pk_category_product_id`, `c_name`) VALUES
(10, 'Áo'),
(11, 'Đầm'),
(12, 'Khăn'),
(13, 'Quần'),
(14, 'Váy');

-- --------------------------------------------------------

--
-- Cấu trúc bảng cho bảng `tbl_customer`
--

CREATE TABLE `tbl_customer` (
  `customer_id` int(11) NOT NULL,
  `hovaten` varchar(500) COLLATE utf8_unicode_ci NOT NULL,
  `diachi` varchar(2000) COLLATE utf8_unicode_ci NOT NULL,
  `dienthoai` varchar(200) COLLATE utf8_unicode_ci NOT NULL,
  `ghichu` text COLLATE utf8_unicode_ci NOT NULL,
  `email` varchar(500) COLLATE utf8_unicode_ci NOT NULL,
  `password` varchar(500) COLLATE utf8_unicode_ci NOT NULL
) ENGINE=InnoDB DEFAULT CHARSET=utf8 COLLATE=utf8_unicode_ci;

--
-- Đang đổ dữ liệu cho bảng `tbl_customer`
--

INSERT INTO `tbl_customer` (`customer_id`, `hovaten`, `diachi`, `dienthoai`, `ghichu`, `email`, `password`) VALUES
(1, '1', '', '', '', '', ''),
(2, '', '', '', '', '', ''),
(3, '123', '123', 'a', '', '', ''),
(4, '11', '1', '1', '', '', ''),
(5, '1', '1', '1', '', '', ''),
(6, '1', '1', '', '', '', '');

-- --------------------------------------------------------

--
-- Cấu trúc bảng cho bảng `tbl_news`
--

CREATE TABLE `tbl_news` (
  `pk_news_id` int(11) NOT NULL,
  `fk_category_news_id` int(11) NOT NULL,
  `c_name` varchar(500) COLLATE utf8_unicode_ci NOT NULL,
  `c_description` varchar(20000) COLLATE utf8_unicode_ci NOT NULL,
  `c_content` text COLLATE utf8_unicode_ci NOT NULL,
  `c_img` varchar(500) COLLATE utf8_unicode_ci NOT NULL,
  `c_hotnews` int(11) NOT NULL
) ENGINE=InnoDB DEFAULT CHARSET=utf8 COLLATE=utf8_unicode_ci;

--
-- Đang đổ dữ liệu cho bảng `tbl_news`
--

INSERT INTO `tbl_news` (`pk_news_id`, `fk_category_news_id`, `c_name`, `c_description`, `c_content`, `c_img`, `c_hotnews`) VALUES
(7, 1, 'MẶC VEST NAM ĐẸP CHUẨN PHONG CÁCH Ý', '<p><span style=\"font-size:11pt\"><span style=\"font-family:Calibri,sans-serif\">Ng&agrave;y nay,&nbsp;Vest v&agrave; Suit&nbsp;l&agrave; những từ kh&ocirc;ng c&ograve;n qu&aacute; xa lạ đối với c&aacute;nh m&agrave;y r&acirc;u. Đẳng cấp v&agrave; phong độ của một người đ&agrave;n &ocirc;ng được thể hiện r&otilde;. </span></span></p>\r\n', '<p><strong>Bạn&nbsp;c&oacute; thể &aacute;p dụng một số tips sau để c&oacute; bộ vest đẹp đ&uacute;ng chuẩn:</strong></p>\r\n\r\n<p>1.&nbsp;Một bộ Vest nam đẹp đ&uacute;ng chuẩn cần phải vừa vặn với th&acirc;n h&igrave;nh v&agrave; t&ocirc;n l&ecirc;n v&oacute;c d&aacute;ng của bạn. Ngo&agrave;i ra, &aacute;o phải phẳng m&agrave; kh&ocirc;ng được nhăn nh&uacute;m khi bạn mặc c&agrave;i khuy.</p>\r\n\r\n<p>2.&nbsp;Khi nh&igrave;n v&agrave;o một bộ Vest, bao giờ người ta cũng nh&igrave;n cầu vai đầu ti&ecirc;n, ch&iacute;nh v&igrave; thế cầu vai &aacute;o Vest phải vừa vặn với tư thế v&agrave; t&ocirc;n l&ecirc;n d&aacute;ng điệu của người mặc. Một y&ecirc;u cầu kh&aacute;c nữa của chiếc &aacute;o Vest chuẩn l&agrave; miếng đệm vai kh&ocirc;ng được trễ xuống hay tạo vết l&otilde;m tr&ecirc;n vai m&agrave; cần phải vừa vặn tr&ecirc;n vai bạn.</p>\r\n\r\n<p>3.&nbsp;Vai &aacute;o Vest phải &ocirc;m v&agrave;o vai chứ kh&ocirc;ng được &eacute;p chặt hay thừa ra. Độ xu&ocirc;i vai cũng cần phải lưu &yacute;, nếu độ xu&ocirc;i vai kh&ocirc;ng đ&uacute;ng sẽ l&agrave;m vạt &aacute;o bị tỏa ra th&agrave;nh h&igrave;nh chữ V khi kh&ocirc;ng c&agrave;i n&uacute;t chứ kh&ocirc;ng thẳng như d&aacute;ng người hoặc khi c&agrave;i n&uacute;t th&igrave; hai vạt &aacute;o sẽ bị loe ra, bị x&ocirc; lệch chứ kh&ocirc;ng thẳng xu&ocirc;i theo th&acirc;n &aacute;o.</p>\r\n\r\n<p>4.&nbsp;Cổ &aacute;o cũng l&agrave; điểm cần lưu &yacute; khi chọn Vest. Cổ &aacute;o phải &ocirc;m s&aacute;t g&aacute;y kết hợp với cổ &aacute;o sơ mi đi k&egrave;m cao hơn khoảng 1cm.</p>\r\n\r\n<p>5.&nbsp;Phần tay của bộ Vest phải phẳng phiu,&nbsp;mộng vai tr&ograve;n đều, kh&ocirc;ng nhăn nh&uacute;m. Khi chọn &aacute;o vest, c&aacute;c ch&agrave;ng n&ecirc;n để &yacute; chiều d&agrave;i của &aacute;o. Chiều d&agrave;i chuẩn cho một chiếc &aacute;o vest lịch sự l&agrave; tay c&oacute; thể chạm v&agrave;o đu&ocirc;i &aacute;o khi duỗi thẳng. Với những kiểu vest kho&aacute;c m&ugrave;a h&egrave; hoặc ph&aacute; c&aacute;ch để trẻ trung hơn th&igrave; c&oacute; thể thu ngắn chiều d&agrave;i &aacute;o lại.</p>\r\n\r\n<p>6.&nbsp;Những bộ vest nam đẹp th&igrave; chiều d&agrave;i cổ tay &aacute;o sơ mi trong n&ecirc;n lộ ra so với chiều d&agrave;i tay &aacute;o comple khoảng 1 đến 2cm. C&ograve;n chiều d&agrave;i của quần đi k&egrave;m n&ecirc;n để ngắn đến 2 đường d&acirc;y buộc gi&agrave;y từ tr&ecirc;n xuống v&igrave; nếu d&agrave;i hơn, ống quần sẽ gẫy v&agrave; kh&ocirc;ng đẹp mắt.</p>\r\n\r\n<p>H&atilde;y &aacute;p dụng những tips tr&ecirc;n c&ugrave;ng những định hướng về phong c&aacute;ch vest &Yacute; bạn sẽ trở th&agrave;nh một qu&yacute; &ocirc;ng cực kỳ phong c&aacute;ch v&agrave; đẳng cấp.</p>\r\n', '15434134451543413445tin-01.jpg', 0),
(8, 1, 'NHỮNG ĐIỀU CẦN LƯU Ý KHI MUA VEST NAM', '<p style=\"margin-left:0in; margin-right:0in\"><span style=\"font-size:12pt\"><span style=\"font-family:&quot;Times New Roman&quot;,serif\">Hiện nay, vest nam đang bị 3 phong c&aacute;ch ch&iacute;nh chi phối l&agrave; phong c&aacute;ch Mỹ, Anh v&agrave; &Yacute;. Tuy nhi&ecirc;n, hiện nay xu hướng vest nam H&agrave;n Quốc cũng được nhiều qu&yacute; &ocirc;ng kh&aacute; ưa th&iacute;ch.</span></span></p>\r\n\r\n<p style=\"margin-left:0in; margin-right:0in\">&nbsp;</p>\r\n', '<p><strong>Bạn&nbsp;c&oacute; thể &aacute;p dụng một số tips sau khi mua Vest Nam:</strong></p>\r\n\r\n<p><strong>Bước 1: Định h&igrave;nh phong c&aacute;ch</strong></p>\r\n\r\n<p><img alt=\"\" src=\"https://biluxury.vn/media/11.JPG\" style=\"height:530px; width:353px\" /></p>\r\n\r\n<p><em>Vest nam theo phong c&aacute;ch &Yacute; đang g&acirc;y n&ecirc;n một cơn sốt lớn</em></p>\r\n\r\n<p>&nbsp;</p>\r\n\r\n<p>Hiện nay, vest nam đang bị 3 phong c&aacute;ch ch&iacute;nh chi phối l&agrave; phong c&aacute;ch Mỹ, Anh v&agrave; &Yacute;. Tuy nhi&ecirc;n, hiện nay xu hướng vest nam H&agrave;n Quốc cũng được nhiều qu&yacute; &ocirc;ng kh&aacute; ưa th&iacute;ch bởi sự lịch l&atilde;m kết hợp c&ugrave;ng sự l&atilde;ng tử của n&oacute;.</p>\r\n\r\n<p>Việc định h&igrave;nh phong c&aacute;ch gi&uacute;p bạn t&igrave;m ra được loại vest n&agrave;o sẽ ph&ugrave; hợp với m&igrave;nh.</p>\r\n\r\n<p>&nbsp;</p>\r\n\r\n<p><strong>Bước 2: Ch&uacute; &yacute; về m&agrave;u sắc</strong></p>\r\n\r\n<p>&nbsp;</p>\r\n\r\n<p><a href=\"http://www.elleman.vn/wp-content/uploads/2015/10/08/intero_2.jpg\"><img alt=\"\" src=\"https://biluxury.vn/media/Capture_1.JPG\" style=\"height:528px; width:353px\" /></a></p>\r\n\r\n<p><em>Nếu bạn c&oacute; nước da s&aacute;ng th&igrave; t&ocirc;ng m&agrave;u nổi l&agrave; lựa chọn h&agrave;ng đầu</em></p>\r\n\r\n<p>&nbsp;</p>\r\n\r\n<p>M&agrave;u sắc của vest l&agrave; cực kỳ quan trọng. Những qu&yacute; &ocirc;ng y&ecirc;u th&iacute;ch sự đơn giản v&agrave; thuần khiết th&igrave; vest đen l&agrave; chuẩn nhất mọi thời đại.</p>\r\n\r\n<p>Nếu bạn c&oacute; l&agrave;n da s&aacute;ng th&igrave; vest m&agrave;u xanh c&ocirc;-ban hoặc xanh mi-nơ l&agrave; lựa chọn ho&agrave;n hảo.&nbsp;Nếu l&agrave;n da sậm th&igrave; m&agrave;u n&acirc;u nhạt, be cũng rất đ&aacute;ng để thử.</p>\r\n\r\n<p>&nbsp;</p>\r\n\r\n<p><strong>Bước 3: Ch&uacute; &yacute; k&iacute;ch thước</strong></p>\r\n\r\n<p>&nbsp;</p>\r\n\r\n<p>Một bộ vest nam đẹp đ&uacute;ng chuẩn cần phải vừa vặn với th&acirc;n h&igrave;nh v&agrave; t&ocirc;n l&ecirc;n v&oacute;c d&aacute;ng của bạn. V&igrave; vậy việc ch&uacute; &yacute; k&iacute;ch thước l&agrave; điều ti&ecirc;n quyết n&ecirc;n để &yacute;.</p>\r\n\r\n<p>Khi nh&igrave;n v&agrave;o một bộ vest, bao giờ người ta cũng nh&igrave;n cầu vai đầu ti&ecirc;n, ch&iacute;nh v&igrave; thế cầu vai &aacute;o vest phải vừa vặn với tư thế v&agrave; t&ocirc;n l&ecirc;n d&aacute;ng điệu của người mặc. Một y&ecirc;u cầu kh&aacute;c nữa của chiếc &aacute;o vest chuẩn l&agrave; miếng đệm vai kh&ocirc;ng được trễ xuống hay tạo vết l&otilde;m tr&ecirc;n vai m&agrave; cần phải vừa vặn tr&ecirc;n vai bạn. Vai &aacute;o cũng phải &eacute;p chặt v&agrave; kh&ocirc;ng được thừa ra.</p>\r\n\r\n<p>Qu&yacute; &ocirc;ng n&agrave;o cũng c&oacute; &iacute;t nhất một bộ vest trong tủ đồ, c&aacute;c ng&ocirc;i sao của ch&uacute;ng ta thậm ch&iacute; c&oacute; cả t&aacute;, tuy nhi&ecirc;n, h&atilde;y xem sao n&agrave;o mới l&agrave; người mặc suit...</p>\r\n\r\n<p>&nbsp;</p>\r\n\r\n<p><strong>Bước 4: Ch&uacute; &yacute; c&aacute;c chi tiết</strong></p>\r\n\r\n<p>&nbsp;</p>\r\n\r\n<p><img alt=\"\" src=\"https://biluxury.vn/media/Capture_2.JPG\" style=\"height:347px; width:357px\" /></p>\r\n\r\n<p><em>C&aacute;c chi tiết như vai v&agrave; cổ &aacute;o cũng rất quan trọng</em></p>\r\n\r\n<p>&nbsp;</p>\r\n\r\n<p>Cổ &aacute;o cũng l&agrave; điểm cần lưu &yacute; khi chọn vest. Cổ &aacute;o phải &ocirc;m s&aacute;t g&aacute;y kết hợp với cổ &aacute;o sơmi đi k&egrave;m cao hơn khoảng 1cm.</p>\r\n\r\n<p>Phần tay của bộ vest phải phẳng phiu,&nbsp;mộng vai tr&ograve;n đều, kh&ocirc;ng nhăn nh&uacute;m. Khi chọn &aacute;o vest, c&aacute;c ch&agrave;ng n&ecirc;n để &yacute; chiều d&agrave;i của &aacute;o. Chiều d&agrave;i chuẩn cho một chiếc &aacute;o vest lịch sự l&agrave; tay c&oacute; thể chạm v&agrave;o đu&ocirc;i &aacute;o khi duỗi thẳng. Với những kiểu vest kho&aacute;c m&ugrave;a H&egrave; hoặc ph&aacute; c&aacute;ch để trẻ trung hơn th&igrave; c&oacute; thể thu ngắn chiều d&agrave;i &aacute;o lại.</p>\r\n\r\n<p>Một bộ vest nam đẹp th&igrave; chiều d&agrave;i cổ tay &aacute;o sơmi trong n&ecirc;n lộ ra so với chiều d&agrave;i tay &aacute;o comple khoảng 1 đến 2cm. C&ograve;n chiều d&agrave;i của quần đi k&egrave;m n&ecirc;n để ngắn đến 2 đường d&acirc;y buộc gi&agrave;y từ tr&ecirc;n xuống v&igrave; nếu d&agrave;i hơn, ống quần sẽ g&atilde;y v&agrave; kh&ocirc;ng đẹp mắt.</p>\r\n\r\n<p>&nbsp;</p>\r\n\r\n<p><strong>Bước 5: Kết hợp phụ kiện đi k&egrave;m</strong></p>\r\n\r\n<p>&nbsp;</p>\r\n\r\n<p><img alt=\"\" src=\"https://biluxury.vn/media/%C2%A6%2B%2B%C2%A6-008.JPG\" style=\"height:548px; width:576px\" /></p>\r\n\r\n<p><em>Bộ&nbsp;phụ kiện (nơ, khăn, c&agrave; vạt) đi k&egrave;m kh&ocirc;ng thể thiếu</em></p>\r\n\r\n<p>&nbsp;</p>\r\n\r\n<p>Việc sử dụng một chiếc caravat&nbsp;để nhấn nh&aacute; cho bộ vest th&ecirc;m hấp dẫn l&agrave; c&aacute;ch m&agrave; c&aacute;c qu&yacute; &ocirc;ng hay l&agrave;m. Bạn nhớ ch&uacute; &yacute; m&agrave;u sắc của vest để lựa chọn caravat cho ph&ugrave; hợp. Đ&ocirc;i khi, c&aacute;c qu&yacute; &ocirc;ng n&ecirc;n ph&aacute; c&aacute;ch bằng c&aacute;ch sử sụng khăn họa tiết gấp th&agrave;nh h&igrave;nh tam gi&aacute;c v&agrave; nh&eacute;t v&agrave;o t&uacute;i &aacute;o vest.</p>\r\n\r\n<p>Chỉ cần &aacute;p dụng 5 bước tr&ecirc;n l&agrave; bạn c&oacute; thể tự tin mua vest nam chuẩn kh&ocirc;ng cần chỉnh.</p>\r\n', '15434136581543413658tin-02.png', 1),
(9, 1, 'XUỐNG PHỐ CÙNG QUẦN SHORT KẾT HỢP VỚI ÁO SƠ MI - TẠI SAO KHÔNG?', '<p style=\"margin-left:0in; margin-right:0in\"><span style=\"font-size:11pt\"><span style=\"font-family:Calibri,sans-serif\"><span style=\"font-family:&quot;Calibri&quot;,sans-serif\">Nếu bạn coi &aacute;o sơ mi chỉ ph&ugrave; hợp với quần Jean hay quần &acirc;u th&igrave; nay Fashion2&nbsp; cho bạn 1 gợi &yacute; mặc đẹp với từ quần short với &aacute;o sơ mi.</span></span></span></p>\r\n', '<p><strong>1. TRẺ TRUNG HƠN NHỜ &Aacute;O SƠ MI CỘC TAY &amp; QUẦN SHORT</strong></p>\r\n\r\n<p>Đ&acirc;y sẽ l&agrave; một lựa chọn th&ocirc;ng minh khi bạn c&oacute; buổi hẹn với v&agrave;o những ng&agrave;y cuối tuần hoặc những &nbsp;buổi đi d&atilde; ngoại, set đồ n&agrave;y vừa khiến người mặc thoải m&aacute;i m&agrave; vẫn tạo ra được thiện cảm với người đối diện.</p>\r\n\r\n<p><strong>2.LỊCH SỰ, ẤN TƯỢNG HƠN NHỜ &Aacute;O SƠ MI D&Agrave;I TAY &amp; QUẦN SHORT</strong></p>\r\n\r\n<p>Nếu như sơ mi d&agrave;i tay v&agrave; quần &acirc;u l&agrave; &ldquo;cặp đ&ocirc;i ho&agrave;n hảo&rdquo; cho mọi ch&agrave;ng trai th&igrave; nay sao bạn kh&ocirc;ng thử ph&aacute; c&aacute;ch khi kết hợp &aacute;o sơ mi d&agrave;i tay c&ugrave;ng quần short?</p>\r\n\r\n<p>Với set đồ n&agrave;y, Fashion2&nbsp;tin chắc rằng d&ugrave; xuất hiện ở bất cứ nơi đ&acirc;u, bạn cũng vẫn lu&ocirc;n nổi bật với h&igrave;nh ảnh lịch sự nhưng cũng kh&ocirc;ng k&eacute;m phần trẻ trung.</p>\r\n\r\n<p>Nếu như bạn muốn nổi bật hơn, h&atilde;y chọn chiếc quần short nam họa tiết v&agrave; h&atilde;y kết hợp ch&uacute;ng c&ugrave;ng sơ mi trơn để kh&ocirc;ng g&acirc;y rối mắt bạn nh&eacute;!</p>\r\n\r\n<p>B&ecirc;n cạnh kiểu d&aacute;ng trang phục, bạn h&atilde;y ch&uacute; &yacute; chọn trang phục h&agrave;i h&ograve;a với l&agrave;n da của m&igrave;nh, tốt nhất n&ecirc;n chọn quần v&agrave; &aacute;o c&oacute; m&agrave;u sắc ton-sur-ton với nhau. Nguy&ecirc;n tắc phối &aacute;o sơ mi với quần short nam l&agrave; kh&ocirc;ng n&ecirc;n sử dụng qu&aacute; 3 m&agrave;u sắc trong 1 set đồ.</p>\r\n\r\n<p>Set đồ &aacute;o sơ mi phối hợp với quần short vốn dĩ đ&atilde; thể hiện c&aacute; t&iacute;nh năng động, ph&oacute;ng kho&aacute;ng của người mặc. Tuy nhi&ecirc;n, với việc mix th&ecirc;m một v&agrave;i m&oacute;n phụ kiện tinh tế, bạn sẽ trở n&ecirc;n nổi bật hơn rất nhiều. Đơn giản lắm, đ&oacute; c&oacute; thể l&agrave; một đ&ocirc;i sneaker &ldquo;chất lừ&rdquo;, đồng hồ thể thao hoặc thắt lưng,...tuy nhỏ nhắn, nhưng chắc chắn ch&uacute;ng sẽ khiến cho tổng thể trang phục của bạn trở n&ecirc;n ho&agrave;n hảo hơn đấy!</p>\r\n', '15434140681543414068tin-03.jpg', 0),
(10, 1, 'NHỮNG TIẾT LỘ THÚ VỊ VỀ MÀU SẮC SƠ MI KHÔNG PHẢI AI CŨNG BIẾT', '<p><span style=\"font-size:11pt\"><span style=\"font-family:Calibri,sans-serif\"><span style=\"font-family:&quot;Calibri&quot;,sans-serif\">&Aacute;o sơ mi&nbsp;l&agrave; vật phẩm kh&ocirc;ng thể thiếu. Chỉ cần tiết lộ m&agrave;u sắc chiếc &aacute;o sơ mi y&ecirc;u th&iacute;ch, ch&uacute;ng t&ocirc;i&nbsp;sẽ bật m&iacute; t&iacute;nh c&aacute;ch của bạn như thế n&agrave;o. </span></span></span></p>\r\n', '<p><strong>1. Xanh t&iacute;m than:</strong></p>\r\n\r\n<p><img alt=\"\" src=\"https://biluxury.vn/media/ghep-04_1.jpg\" style=\"height:500px; width:800px\" /></p>\r\n\r\n<p>&nbsp;<em>M&agrave;u xanh t&iacute;m than &ndash; Ch&agrave;ng trai mạnh mẽ</em></p>\r\n\r\n<p>Đ&acirc;y l&agrave; tu&yacute;p người mạnh mẽ, c&aacute; t&iacute;nh v&agrave; độc lập. M&agrave;u xanh t&iacute;m than tr&ecirc;n chiếc &aacute;o sơ mi c&ograve;n cho thấy bạn tự chủ trong c&ocirc;ng việc v&agrave; cuộc sống. Kh&ocirc;ng dễ bị t&aacute;c động bởi những thứ xung quanh. Tuy nhi&ecirc;n đ&ocirc;i khi bạn cũng hay bị hiểu lầm l&agrave; qu&aacute; t&iacute;nh to&aacute;n trong cuộc sống.</p>\r\n\r\n<p>2.&nbsp;<strong>Đen:</strong></p>\r\n\r\n<p><img alt=\"\" src=\"https://biluxury.vn/media/ghep-07_1.jpg\" style=\"height:500px; width:800px\" /></p>\r\n\r\n<p><em>M&agrave;u đen &ndash; Ch&agrave;ng trai quyết đo&aacute;n</em></p>\r\n\r\n<p>C&aacute; t&iacute;nh nổi bật của nh&oacute;m m&agrave;u n&agrave;y l&agrave; độc lập v&agrave; quyết đo&aacute;n. B&ecirc;n cạnh đ&oacute;, ch&agrave;ng cũng rất kh&oacute; mở l&ograve;ng v&agrave; kh&aacute; b&iacute; ẩn, nội t&acirc;m. Điềm đạm, trầm t&iacute;nh v&agrave; ch&iacute;n chắn ch&iacute;nh cũng l&agrave; những điểm nổi bật thu h&uacute;t mọi người của ch&agrave;ng trai sơ mi đen.<strong>&nbsp;</strong></p>\r\n\r\n<p><strong>&nbsp;3.&nbsp;</strong><strong>T&iacute;m:</strong></p>\r\n\r\n<p>&nbsp;&nbsp;<img alt=\"\" src=\"https://biluxury.vn/media/ghep-01_1.jpg\" style=\"height:500px; width:800px\" /></p>\r\n\r\n<p><em>M&agrave;u t&iacute;m &ndash; Ch&agrave;ng trai tinh tế</em>&nbsp;</p>\r\n\r\n<p>M&agrave;u t&iacute;m mang &yacute; nghĩa tinh tế, gi&agrave;u c&oacute; v&agrave; sang trọng. M&agrave;u t&iacute;m trong trang phục c&ograve;n thể hiện sự s&aacute;ng tạo, s&acirc;u sắc v&agrave; t&igrave;nh y&ecirc;u nghệ thuật. Đ&acirc;y cũng l&agrave; tu&yacute;p người l&atilde;ng mạn, c&oacute; đam m&ecirc; v&agrave; chung thủy trong t&igrave;nh y&ecirc;u.&nbsp;<strong>&nbsp;</strong></p>\r\n\r\n<p>&nbsp;<strong>4.</strong>&nbsp;<strong>Trắng:</strong></p>\r\n\r\n<p><img alt=\"\" src=\"https://biluxury.vn/media/ghep-06_1.jpg\" style=\"height:500px; width:800px\" /></p>\r\n\r\n<p><em>M&agrave;u trắng &ndash; Ch&agrave;ng trai l&atilde;ng tử</em></p>\r\n\r\n<p>X&eacute;t về kh&iacute;a cạnh t&acirc;m l&yacute;, người đ&agrave;n &ocirc;ng mặc đồ trắng gợi l&ecirc;n cảm gi&aacute;c vừa l&atilde;ng mạn vừa cầu to&agrave;n. Ngo&agrave;i vẻ đẹp chỉn chu chiếc &aacute;o sơ mi trắng c&ograve;n cho thấy bạn l&agrave; 1 người đ&agrave;n &ocirc;ng t&acirc;m l&yacute; v&agrave; tinh tế trong cuộc sống.</p>\r\n\r\n<p><strong>&nbsp;5.&nbsp;Xanh da trời:</strong></p>\r\n\r\n<p><img alt=\"\" src=\"https://biluxury.vn/media/ghep-02_1.jpg\" style=\"height:500px; width:800px\" /></p>\r\n\r\n<p><em>M&agrave;u xanh da trời &ndash; Ch&agrave;ng trai th&acirc;n thiện</em></p>\r\n\r\n<p>Những người th&iacute;ch m&agrave;u xanh da trời thường rất dễ gần, l&agrave;m việc rất trung thực. Họ dễ d&agrave;ng gi&agrave;nh được thiện cảm của đồng nghiệp, th&iacute;ch sự b&igrave;nh y&ecirc;n trong cuộc sống. Họ kh&ocirc;ng th&iacute;ch ph&aacute; bỏ những th&oacute;i quen cũ trong cuộc sống.</p>\r\n\r\n<p><strong>6.</strong>&nbsp;<strong>Sọc caro &ndash; Ch&agrave;ng trai năng động:</strong></p>\r\n\r\n<p><em><img alt=\"\" src=\"https://biluxury.vn/media/ghep-03_1.jpg\" style=\"height:500px; width:800px\" /></em></p>\r\n\r\n<p><em>Sơ mi họa tiết kẻ caro &ndash; Ch&agrave;ng trai năng động</em></p>\r\n\r\n<p>Những chiếc &aacute;o sơ mi sọc caro thường to&aacute;t l&ecirc;n vẻ nam t&iacute;nh của người mặc. Họa tiết caro &ldquo;Gingham&rdquo; l&agrave; những đường kẻ &ocirc; vu&ocirc;ng đồng nhất dễ d&agrave;ng &ldquo;chinh phục&rdquo; những ch&agrave;ng trao c&oacute; c&aacute; t&iacute;nh năng động v&agrave; hiện đại.</p>\r\n\r\n<p><strong>7. Sọc dọc &ndash; Ch&agrave;ng trai thanh lịch:</strong></p>\r\n\r\n<p><em><img alt=\"\" src=\"https://biluxury.vn/media/ghep-05_1.jpg\" style=\"height:500px; width:800px\" /></em></p>\r\n\r\n<p><em>Sơ mi họa tiết sọc dọc &ndash; Ch&agrave;ng trai&nbsp;thanh lịch</em></p>\r\n\r\n<p>Những ch&agrave;ng trai th&iacute;ch mặc &aacute;o sơ mi sọc dọc thường kh&oacute; nắm bắt. Họ kh&ocirc;ng để lộ t&igrave;nh cảm của m&igrave;nh cho người kh&aacute;c thấy. Đ&acirc;y l&agrave; tu&yacute;p người tinh tế, lịch thiệp.</p>\r\n\r\n<p>Nếu như trước đ&acirc;y bạn chỉ thầm nghĩ &ldquo;chọn đại 1 m&agrave;u m&igrave;nh y&ecirc;u th&iacute;ch&rdquo; th&igrave; b&acirc;y giờ, bạn đ&atilde; biết việc lựa chọn đ&oacute; c&oacute; sự li&ecirc;n quan rất gần đến t&iacute;nh c&aacute;ch của bạn rồi đấy!&nbsp;Qua ngay hệ thống Biluxury gần nhất v&agrave; chỉ cần n&oacute;i về t&iacute;nh c&aacute;ch của bạn, ch&uacute;ng t&ocirc;i sẽ chọn cho bạn mẫu sơ mi ph&ugrave; hợp nhất.</p>\r\n', '15434142691543414269tin-04.jpg', 1),
(11, 1, 'BÍ QUYẾT CHỌN QUẦN SHORT NAM CHO CHÀNG TRAI CÓ CHIỀU CAO KHIÊM TỐN', '<p><span style=\"font-size:11pt\"><span style=\"font-family:Calibri,sans-serif\"><span style=\"font-family:&quot;Calibri&quot;,sans-serif\">Nếu như chiều cao l&agrave; r&agrave;o cản khiến c&aacute;c ch&agrave;ng trai &ldquo;ch&acirc;n ngắn&rdquo; cảm thấy kh&oacute; khăn trong việc lựa chọn quần &acirc;u hay quần jeans th&igrave; để ch&uacute;ng t&ocirc;i gợi &yacute; nh&eacute;!</span></span></span></p>\r\n', '<p>Đ&atilde; đến l&uacute;c bỏ qua sự tự ti về chiều cao để ch&agrave;o đ&oacute;n những chiếc quần short trong h&egrave; n&agrave;y. Cho d&ugrave; chỉ l&agrave; một buổi dạo quanh c&ocirc;ng vi&ecirc;n c&ugrave;ng với bạn b&egrave; hay một bữa ăn trưa th&acirc;n t&igrave;nh với đồng nghiệp, bạn sẽ lu&ocirc;n xuất hiện một c&aacute;ch đầy ấn tượng đấy!<a href=\"https://biluxury.vn/\">&nbsp;</a>Ch&uacute;ng t&ocirc;i tin rằng với những&nbsp;gợi &yacute;&nbsp;khi lựa chọn quần short dưới đ&acirc;y sẽ gi&uacute;p c&aacute;c ch&agrave;ng trai &ldquo;ch&acirc;n ngắn&rdquo; th&ecirc;m tự tin khi dạo bước xuống phố.&nbsp;</p>\r\n\r\n<p><strong>1. CHỌN CHIẾC QUẦN SHORT TR&Ecirc;N ĐẦU GỐI</strong></p>\r\n\r\n<p>Đ&acirc;y được xem l&agrave; ti&ecirc;u ch&iacute; số 1 m&agrave; bạn n&ecirc;n ch&uacute; &yacute; khi lựa chọn quần short, h&atilde;y đảm bảo rằng chiều d&agrave;i ống quần lu&ocirc;n ở tr&ecirc;n đầu gối 1 gấu quần. Tuy nhi&ecirc;n cũng đừng bao giờ chọn chiếc quần qu&aacute; ngắn bởi n&oacute; sẽ khiến bạn lộ bắp đ&ugrave;i v&agrave; hiển nhi&ecirc;n mọi người chỉ ch&uacute; &yacute; đến phần &ldquo;ch&acirc;n ngắn&rdquo; của bạn!</p>\r\n\r\n<p>Th&ecirc;m 1 lưu &yacute; nữa khi bạn lựa chọn quần short đ&oacute; l&agrave; h&atilde;y chọn mẫu quần short sắn gấu, v&agrave; đ&acirc;y được xem l&agrave; items chưa bao giờ lỗi mốt. H&atilde;y kết hợp quần ngố c&ugrave;ng &aacute;o ph&ocirc;ng kh&ocirc;ng cổ, vừa năng động m&agrave; vẫn rất &ldquo;men lỳ&rdquo; đấy chứ?</p>\r\n\r\n<p><strong>2. H&Atilde;Y CH&Uacute; &Yacute; ĐẾN M&Agrave;U DA CỦA M&Igrave;NH ĐỂ LỰA CHỌN M&Agrave;U QUẦN</strong></p>\r\n\r\n<p>Kh&ocirc;ng chỉ nữ giới, m&agrave; việc lựa chọn đồ cho nam giới cũng cực k&igrave; kh&oacute; khăn đấy! Họ cũng cần xem sự ph&ugrave; hợp của bộ đồ với l&agrave;n da của m&igrave;nh nữa, nhất l&agrave; những ch&agrave;ng trai c&oacute; chiều cao khi&ecirc;m tốn, họ lu&ocirc;n muốn tạo sự ấn tượng qua style ăn mặc của m&igrave;nh.</p>\r\n\r\n<p>Những items quần short với c&aacute;c m&agrave;u sắc trung t&iacute;nh như : đen, n&acirc;u, xanh navy, kem, n&acirc;u, x&aacute;m &hellip; sẽ l&agrave; lựa chọn an to&agrave;n, đừng mạo hiểm với những m&agrave;u sắc qu&aacute; sặc sỡ v&igrave; điều đ&oacute; sẽ g&acirc;y sự ch&uacute; &yacute; của mọi người đến trang phục bạn đang mặc v&agrave;&nbsp;<a href=\"https://biluxury.vn/\">Biluxury</a>&nbsp;tin rằng bạn kh&ocirc;ng muốn người kh&aacute;c nhớ đến m&igrave;nh với style &ldquo;một mẩu v&agrave; m&agrave;u m&egrave;&rdquo;!</p>\r\n\r\n<p><strong>3. CHỌN CHIẾC QUẦN TẠO CẢM GI&Aacute;C THOẢI M&Aacute;I, DỄ CHỊU</strong></p>\r\n\r\n<p>Ngo&agrave;i 2 yếu tố về m&agrave;u sắc v&agrave; độ d&agrave;i quần, bạn n&ecirc;n ch&uacute; &yacute; chọn chiếc quần c&oacute; chất vải thấm mồ h&ocirc;i tốt v&agrave; kh&ocirc;ng bị nhăn khi ch&uacute;ng ta hoạt động ngo&agrave;i trời nh&eacute;!</p>\r\n', '15434145181543414518tin-05.jpg', 1),
(12, 1, '5 SAI LẦM TRONG PHONG CÁCH ĂN MẶC SẼ KHIẾN BẠN TRỞ THÀNH THẢM HỌA THỜI TRANG', '<p><span style=\"font-size:11pt\"><span style=\"font-family:Calibri,sans-serif\"><span style=\"font-family:&quot;Calibri&quot;,sans-serif\">Nếu như tủ đồ của nữ giới đa dạng với c&aacute;c set thời trang cầu k&igrave; th&igrave; thời trang nam lại thi&ecirc;n về sự đơn giản v&agrave; mạnh mẽ. </span></span></span></p>\r\n', '<p dir=\"ltr\"><strong>1. &ldquo;THAM LAM&rdquo; TRONG VIỆC TẠO ĐIỂM NHẤN BẰNG SUSPENDER (d&acirc;y đeo vai) KẾT HỢP C&Ugrave;NG THẮT LƯNG</strong></p>\r\n\r\n<p dir=\"ltr\">Nếu bạn mix cả 2 lại với nhau tr&ecirc;n 1 bộ trang phục sẽ khiến người đối diện cảm thấy rối mắt v&agrave; kh&ocirc;ng c&oacute; sự ăn nhập giữa c&aacute;c phụ kiện. H&atilde;y nhớ kĩ, chỉ được chọn 1 trong 2 phụ kiện đi k&egrave;m để c&oacute; thể trở n&ecirc;n nổi bật hơn nh&eacute;!</p>\r\n\r\n<p dir=\"ltr\"><strong>2. SỬ DỤNG THẮT LƯNG &nbsp;&ldquo;HẦM HỐ&rdquo;</strong></p>\r\n\r\n<p dir=\"ltr\">Nếu bạn để &yacute; kĩ sẽ thấy, thắt lưng c&oacute; h&igrave;nh th&ugrave; k&igrave; dị hoặc c&oacute; họa tiết hầm hố chỉ ph&ugrave; hợp với những show diễn thời trang. Nếu muốn trở th&agrave;nh người đ&agrave;n &ocirc;ng lịch l&atilde;m, sang trọng th&igrave; bạn n&ecirc;n chọn thắt lưng đơn giản, tối m&agrave;u th&ocirc;i c&aacute;c anh ch&agrave;ng nh&eacute;!</p>\r\n\r\n<p dir=\"ltr\"><strong>3. MẶC &Aacute;O CỔ CHỮ V</strong></p>\r\n\r\n<p dir=\"ltr\">Kiểu &aacute;o cổ chữ V chỉ hợp với style của nữ giới bởi n&oacute; sẽ ph&ocirc; được c&aacute;c ưu điểm tr&ecirc;n cơ thể của họ. C&ograve;n nam giới th&igrave; HO&Agrave;N TO&Agrave;N KH&Ocirc;NG!!! Bạn sẽ trở n&ecirc;n thật l&ocirc;i th&ocirc;i v&agrave; c&oacute; ch&uacute;t g&igrave; đ&oacute; k&eacute;m mạnh mẽ với chiếc &aacute;o như thế. Bạn n&ecirc;n lựa chọn chiếc &aacute;o ph&ocirc;ng cổ tr&ograve;n v&agrave; c&oacute; d&aacute;ng slim fit để ph&ocirc; diễn được n&eacute;t mạnh mẽ, c&aacute; t&iacute;nh của ph&aacute;i mạnh.</p>\r\n\r\n<p dir=\"ltr\"><strong>4. MẶC QUẦN D&Aacute;NG &Ocirc;M S&Aacute;T</strong></p>\r\n\r\n<p dir=\"ltr\">Nếu như kiểu quần với d&aacute;ng &ocirc;m s&aacute;t được chị em phụ nữ lựa chọn th&igrave; kh&ocirc;ng đồng nghĩa với việc n&oacute; c&ugrave;ng ph&ugrave; hợp với đ&agrave;n &ocirc;ng. D&aacute;ng &ocirc;m s&aacute;t của những chiếc skinny, nhất l&agrave; khi được kết hợp với m&agrave;u sắc rực rỡ, sẽ tạo n&ecirc;n những thảm họa thời trang thực sự với c&aacute;nh m&agrave;y r&acirc;u. C&aacute;c bạn nam n&ecirc;n chọn kiểu quần jeans/ quần &acirc;u với form d&aacute;ng vừa vặn, kh&ocirc;ng bị b&oacute; ở ch&acirc;n.</p>\r\n\r\n<p dir=\"ltr\"><strong>5. CHO QU&Aacute; NHIỀU ĐỒ V&Agrave;O T&Uacute;I QUẦN</strong></p>\r\n\r\n<p dir=\"ltr\">Nam giới thường c&oacute; th&oacute;i quen cất v&iacute; tiền, ch&igrave;a kh&oacute;a, điện thoại... v&agrave;o t&uacute;i quần. Điều n&agrave;y khiến bộ trang phục lịch l&atilde;m trở n&ecirc;n lộn xộn v&igrave; chiếc t&uacute;i quần qu&aacute; to, h&atilde;y mang theo 1 chiếc t&uacute;i x&aacute;ch cho nam để bỏ đồ thay v&igrave; &ldquo;đựng cả thế giới&rdquo; trong chiếc t&uacute;i quần như thế c&aacute;c bạn nh&eacute;!</p>\r\n\r\n<p dir=\"ltr\"><strong>6. MẶC VEST NH&Igrave;N NHƯ&hellip; R&Egrave;M CỬA!!!</strong></p>\r\n\r\n<p dir=\"ltr\">Những bộ vest tr&ocirc;ng giống như tấm thảm hay r&egrave;m cửa đều kh&ocirc;ng được coi l&agrave; thời trang. Nếu ch&uacute;ng xuất hiện th&igrave; chắc chắn chỉ c&oacute; trong c&aacute;c show diễn thời trang v&agrave; chắc chắn chẳng mấy ai diện ch&uacute;ng ra đường cả!</p>\r\n', '15434146401543414640tin-06.jpg', 1),
(13, 1, '3 BÍ QUYẾT MẶC VEST ĐẸP CHO NGƯỜI GẦY  ', '<p><span style=\"font-size:11pt\"><span style=\"font-family:Calibri,sans-serif\"><span style=\"font-family:&quot;Calibri&quot;,sans-serif\">Với những gợi &yacute; sau,&nbsp;những chàng trai g&acirc;̀y, có dáng mảnh khảnh sẽ cực kỳ y&ecirc;n t&acirc;m khi bi&ecirc;́t&nbsp;<u>bí quy&ecirc;́t mặc vest cho người g&acirc;̀y:</u></span></span></span></p>\r\n', '<p><strong>1. LỰA CHỌN VEST S&Aacute;NG M&Agrave;U</strong></p>\r\n\r\n<p><strong><img alt=\"\" src=\"https://biluxury.vn/media/WEB%201.jpg\" style=\"height:500px; width:800px\" /></strong></p>\r\n\r\n<p>B&iacute; quyết đầu ti&ecirc;n để lựa chọn trang phục cho người gầy đ&oacute; l&agrave; h&atilde;y chọn tone m&agrave;u s&aacute;ng, đ&oacute; cũng l&agrave; ti&ecirc;u ch&iacute; quan trọng khi bạn lựa chọn bộ vest, bởi tone s&aacute;ng sẽ &ldquo;đ&aacute;nh lừa thị gi&aacute;c&rdquo; v&agrave; khiến bạn trở n&ecirc;n &ldquo;c&oacute; da, c&oacute; thịt hơn&rdquo;. Bạn c&oacute; thể lựa chọn c&aacute;c tone m&agrave;u &ldquo;an to&agrave;n&rdquo; như: m&agrave;u kem, m&agrave;u ghi, m&agrave;u xanh navy&hellip; Khi lựa chọn vest h&atilde;y ch&uacute; &yacute; c&acirc;n nhắc để bộ trang phục h&agrave;i h&ograve;a với m&agrave;u da của m&igrave;nh, đừng cố gắng &ldquo;l&agrave;m mới&rdquo; m&igrave;nh bằng những bộ đồ l&ograve;e loẹt hoặc họa tiết qu&aacute; &ldquo;kh&aacute;c người&rdquo; v&igrave; điều đ&oacute; sẽ khiến mọi người ấn tượng bạn bởi h&igrave;nh ảnh &ldquo;m&agrave;u m&egrave; v&agrave; một mẩu&rdquo; m&agrave; th&ocirc;i!</p>\r\n\r\n<p><strong>2. CH&Uacute; &Yacute; ĐẾN CHẤT LIỆU VẢI VEST</strong></p>\r\n\r\n<p><strong><img alt=\"\" src=\"https://biluxury.vn/media/WEB2.jpg\" style=\"height:500px; width:800px\" /></strong></p>\r\n\r\n<p>Chất liệu vải được xem l&agrave; ti&ecirc;u ch&iacute; quan trọng để đ&aacute;nh gi&aacute; một bộ trang phục đẳng cấp, với những nam giới gầy, việc lựa chọn bộ vest c&oacute; chất liệu vải th&iacute;ch hợp sẽ gi&uacute;p cho họ che được c&aacute;c nhược điểm tr&ecirc;n cơ thể v&agrave; tạo được thiện cảm với người đối diện. V&igrave; vậy, khi lựa chọn vest,&nbsp;<a href=\"https://biluxury.vn/\">Biluxury</a>&nbsp;khuy&ecirc;n bạn n&ecirc;n ưu ti&ecirc;n chọn bộ vest được l&agrave;m từ chất liệu vải Tu&yacute;t si v&agrave; vải Wood (vải len) bởi v&igrave; ch&uacute;ng đều l&agrave; chất liệu h&agrave;ng đầu d&agrave;nh cho người gầy. Đ&oacute; l&agrave; hai loại vải nặng sẽ gi&uacute;p bạn dễ d&agrave;ng che đi khuyết điểm ở phần vai v&agrave; lồng ngực k&eacute;m đầy đặn.</p>\r\n\r\n<ul>\r\n	<li><strong>Vải Tu&yacute;t si</strong>&nbsp;c&oacute; đặc t&iacute;nh mềm, mịn, &iacute;t nhăn, đa dạng về m&agrave;u sắc v&agrave; mẫu m&atilde;. &Aacute;o vest được may từ loại vải n&agrave;y thường giữ được phom d&aacute;ng rất tốt v&agrave; c&oacute; độ co gi&atilde;n th&iacute;ch hợp đủ để tạo sự thoải m&aacute;i cho người mặc.</li>\r\n	<li><strong>Vải Wood</strong>&nbsp;(vải len) thường được l&agrave;m từ sợi l&ocirc;ng cừu n&ecirc;n rất nhẹ, tho&aacute;ng v&agrave; m&agrave;u sắc tươi s&aacute;ng. Kh&ocirc;ng chỉ &aacute;o vest, tất cả c&aacute;c trang phục được may từ loại chất liệu vải n&agrave;y để c&oacute; khả năng thấm h&uacute;t mồ h&ocirc;i tốt, thể hiện sự đẳng cấp của người mặc. Những bộ vest được l&agrave;m từ chất liệu vải n&agrave;y thường được may với form &ocirc;m vừa phải.</li>\r\n</ul>\r\n\r\n<p><strong>3. KIỂU D&Aacute;NG VEST</strong></p>\r\n\r\n<p><strong><img alt=\"\" src=\"https://biluxury.vn/media/WEB3.jpg\" style=\"height:500px; width:800px\" /></strong></p>\r\n\r\n<p>Những người gầy thường c&oacute; th&oacute;i quen v&agrave; xu hướng lựa chọn bộ trang phục rộng r&atilde;i để khiến họ b&eacute;o hơn. Tuy nhi&ecirc;n đ&acirc;y sẽ l&agrave; sai lầm tai hại khi bạn coi đ&oacute; l&agrave; ti&ecirc;u ch&iacute; chọn vest. Nếu bạn chọn bộ vest rộng r&atilde;i th&igrave; nh&igrave;n bạn sẽ trở th&agrave;nh người &ldquo;bơi trong quần &aacute;o&rdquo; v&agrave; lọt thỏm trong bộ vest khổng lồ.&nbsp;</p>\r\n', '15434147521543414752tin-07.jpg', 1),
(14, 1, '8 quy tắc phối đồ nữ giới nên biết', '<p><span style=\"font-size:11pt\"><span style=\"font-family:Calibri,sans-serif\">Nếu biết c&aacute;ch phối đồ chuẩn mực sẽ gi&uacute;p bạn g&aacute;i lu&ocirc;n xuất hiện thời thượng, thanh lịch v&agrave; xinh đẹp trong mắt mọi người.</span></span></p>\r\n', '<p style=\"text-align:center\"><span style=\"font-size:16px\"><strong>Dưới đ&acirc;y l&agrave; 8 quy tắc phối đồ nữ giới n&ecirc;n biết:</strong></span></p>\r\n\r\n<table align=\"center\">\r\n	<tbody>\r\n		<tr>\r\n			<td><img alt=\"8 quy tac phoi do nu gioi nen biet hinh anh 1\" src=\"https://znews-photo.zadn.vn/w660/Uploaded/cqxrcajwp/2018_02_01/thoi_trang_2.jpg\" style=\"height:373px; width:650px\" /></td>\r\n		</tr>\r\n		<tr>\r\n			<td>Khi mặc &aacute;o sơ mi, bạn kh&ocirc;ng n&ecirc;n th&aacute;o bỏ qu&aacute; 2 n&uacute;t c&uacute;c.</td>\r\n		</tr>\r\n	</tbody>\r\n</table>\r\n\r\n<table align=\"center\">\r\n	<tbody>\r\n		<tr>\r\n			<td><img alt=\"8 quy tac phoi do nu gioi nen biet hinh anh 2\" src=\"https://znews-photo.zadn.vn/w660/Uploaded/cqxrcajwp/2018_02_01/thoi_trang_3.jpg\" style=\"height:783px; width:650px\" /></td>\r\n		</tr>\r\n		<tr>\r\n			<td>Kh&ocirc;ng n&ecirc;n đeo qu&aacute; nhiều trang sức c&ugrave;ng loại, 3-4 m&oacute;n đồ c&ugrave;ng l&uacute;c c&oacute; thể khiến bạn tr&ocirc;ng kh&ocirc;ng sang trọng.</td>\r\n		</tr>\r\n	</tbody>\r\n</table>\r\n\r\n<table align=\"center\">\r\n	<tbody>\r\n		<tr>\r\n			<td><img alt=\"8 quy tac phoi do nu gioi nen biet hinh anh 3\" src=\"https://znews-photo.zadn.vn/w660/Uploaded/cqxrcajwp/2018_02_01/thoi_trang_5.jpg\" style=\"height:510px; width:650px\" /></td>\r\n		</tr>\r\n		<tr>\r\n			<td>Đừng mặc v&aacute;y vừa ngắn lại vừa hở vai hoặc xẻ s&acirc;u ngực. Điều đ&oacute; c&oacute; thể khiến bạn tr&ocirc;ng th&ocirc; tục, kh&ocirc;ng lịch sự.</td>\r\n		</tr>\r\n	</tbody>\r\n</table>\r\n\r\n<table align=\"center\">\r\n	<tbody>\r\n		<tr>\r\n			<td><img alt=\"8 quy tac phoi do nu gioi nen biet hinh anh 4\" src=\"https://znews-photo.zadn.vn/w660/Uploaded/cqxrcajwp/2018_02_01/thoi_trang_7.jpg\" style=\"height:373px; width:650px\" /></td>\r\n		</tr>\r\n		<tr>\r\n			<td>Cổ &aacute;o c&ocirc;ng sở kh&ocirc;ng n&ecirc;n xẻ s&acirc;u qu&aacute; 10 cm t&iacute;nh từ xương đ&ograve;n.</td>\r\n		</tr>\r\n	</tbody>\r\n</table>\r\n\r\n<table align=\"center\">\r\n	<tbody>\r\n		<tr>\r\n			<td><img alt=\"8 quy tac phoi do nu gioi nen biet hinh anh 5\" src=\"https://znews-photo.zadn.vn/w660/Uploaded/cqxrcajwp/2018_02_01/thoi_trang_11.jpg\" style=\"height:373px; width:650px\" /></td>\r\n		</tr>\r\n		<tr>\r\n			<td>Kh&ocirc;ng kết hợp qu&aacute; nhiều họa tiết trong c&ugrave;ng một trang phục. Nếu th&iacute;ch, h&atilde;y chọn c&aacute;c họa tiết c&ugrave;ng m&agrave;u hoặc với k&iacute;ch thước kh&aacute;c nhau.</td>\r\n		</tr>\r\n	</tbody>\r\n</table>\r\n\r\n<table align=\"center\">\r\n	<tbody>\r\n		<tr>\r\n			<td><img alt=\"8 quy tac phoi do nu gioi nen biet hinh anh 6\" src=\"https://znews-photo.zadn.vn/w660/Uploaded/cqxrcajwp/2018_02_01/thoi_trang_13.jpg\" style=\"height:389px; width:650px\" title=\"8 quy tắc phối đồ nữ giới nên biết hình ảnh 6 \" /></td>\r\n		</tr>\r\n		<tr>\r\n			<td>Nếu mặc &aacute;o kh&ocirc;ng tay, h&atilde;y sử dụng kiểu &aacute;o che k&iacute;n vai, đặc biệt l&agrave; d&acirc;n văn ph&ograve;ng. &Aacute;o 2 d&acirc;y kh&ocirc;ng mang lại phong c&aacute;ch thanh lịch cho bạn g&aacute;i.</td>\r\n		</tr>\r\n	</tbody>\r\n</table>\r\n\r\n<table align=\"center\">\r\n	<tbody>\r\n		<tr>\r\n			<td><img alt=\"8 quy tac phoi do nu gioi nen biet hinh anh 7\" src=\"https://znews-photo.zadn.vn/w660/Uploaded/cqxrcajwp/2018_02_01/thoi_trang_14.jpg\" style=\"height:500px; width:650px\" title=\"8 quy tắc phối đồ nữ giới nên biết hình ảnh 7 \" /></td>\r\n		</tr>\r\n		<tr>\r\n			<td>Kh&ocirc;ng n&ecirc;n mặc những loại đồ l&oacute;t d&agrave;y hoặc c&oacute; bề mặt gồ ghề dưới quần k&iacute;n hoặc những chiếc v&aacute;y ngắn m&agrave;u sặc sỡ. N&oacute; sẽ l&agrave;m vải bị sần l&ecirc;n v&agrave; mọi người c&oacute; thể nh&igrave;n thấy r&otilde; r&agrave;ng &aacute;o ngực của bạn.</td>\r\n		</tr>\r\n	</tbody>\r\n</table>\r\n\r\n<table align=\"center\">\r\n	<tbody>\r\n		<tr>\r\n			<td><img alt=\"8 quy tac phoi do nu gioi nen biet hinh anh 8\" src=\"https://znews-photo.zadn.vn/w660/Uploaded/cqxrcajwp/2018_02_01/thoi_trang_15.jpg\" style=\"height:436px; width:650px\" title=\"8 quy tắc phối đồ nữ giới nên biết hình ảnh 8 \" /></td>\r\n		</tr>\r\n		<tr>\r\n			<td>Sử dụng băng d&iacute;nh 2 mặt cho phần c&uacute;c &aacute;o sơ mi để tr&aacute;nh bị hở &aacute;o ngực.</td>\r\n		</tr>\r\n	</tbody>\r\n</table>\r\n', '15434153491543415349tin-08.jpg', 0),
(15, 1, '5 TIPS ĐỂ PHỤ NỮ TUỔI 35 MẶC ĐẸP HƠN CẢ THỜI ĐÔI MƯƠI', '<p><span style=\"font-size:11pt\"><span style=\"font-family:Calibri,sans-serif\">H&atilde;y đẹp theo c&aacute;ch ri&ecirc;ng của bạn bằng c&aacute;ch lựa chọn những bộ c&aacute;nh &ldquo;quyền lực&rdquo; t&ocirc;n vinh sức hấp dẫn của phụ nữ tuổi 35.</span></span></p>\r\n', '<p>Dưới đ&acirc;y l&agrave; một số mẹo hữu &iacute;ch v&agrave; dễ &aacute;p dụng gi&uacute;p bạn c&oacute; vẻ ngo&agrave;i cuốn h&uacute;t, thanh lịch ở độ tuổi tr&ecirc;n 35.</p>\r\n\r\n<h3>1. Cần phải c&oacute; &iacute;t nhất một chiếc v&aacute;y b&uacute;t ch&igrave; trong tủ</h3>\r\n\r\n<p>Kiểu v&aacute;y n&agrave;y l&agrave; một trong những lựa chọn tốt nhất d&agrave;nh cho phụ nữ tuổi 35 khi cơ thể đang dần k&eacute;m săn chắc, v&ugrave;ng eo t&iacute;ch nhiều mỡ. V&aacute;y b&uacute;t ch&igrave; sẽ gi&uacute;p &ldquo;thắt chặt&rdquo; c&aacute;c ngấn mỡ đồng thời gi&uacute;p cơ thể tr&ocirc;ng d&agrave;i hơn.</p>\r\n\r\n<p>Tốt nhất, bạn n&ecirc;n chọn kiểu v&aacute;y cạp cao v&agrave; c&oacute; độ d&agrave;i tới gối. C&oacute; thể thoải m&aacute;i lựa chọn m&agrave;u sắc nhưng n&ecirc;n tr&aacute;nh xa t&ocirc;ng m&agrave;u neon nh&eacute;.</p>\r\n\r\n<h3>2. V&aacute;y đen (LBD) l&agrave; m&oacute;n đồ thể hiện quyền lực</h3>\r\n\r\n<p>V&aacute;y đen l&agrave; m&oacute;n đồ thể hiện quyền năng của phụ nữ tuổi 35: Thanh lịch, từng trải v&agrave; đầy sự sang trọng. Bạn n&ecirc;n chọn v&aacute;y đen c&oacute; thiết kế đơn giản, &iacute;t rườm r&agrave;.</p>\r\n\r\n<p>C&oacute; thể chọn v&aacute;y đen phối hợp với họa tiết ren, hay chấm bi xinh xắn để tạo điểm nhấn v&agrave; mix c&ugrave;ng đ&ocirc;i gi&agrave;y cao g&oacute;t đơn giản l&agrave; bạn đ&atilde; c&oacute; vẻ ngo&agrave;i thật ấn tượng v&agrave; s&agrave;nh điệu rồi đấy.</p>\r\n\r\n<p><em>Đầm đen phối họa tiết chấm bi S104 / Gi&aacute; gốc: 420.000 VND off 30% &ndash; Gi&aacute; sale: 294.000 VND</em></p>\r\n\r\n<h3>3. Gam m&agrave;u pastel t&ocirc;n vinh vẻ ngọt ng&agrave;o</h3>\r\n\r\n<p>C&agrave;ng c&oacute; tuổi phụ nữ c&agrave;ng bị cuốn h&uacute;t bởi những g&igrave; nh&atilde; nhặn, nhẹ nh&agrave;ng v&agrave; gam m&agrave;u pastel l&agrave; thứ hội tụ đủ sự tinh tế v&agrave; vẻ đẹp thời trang.</p>\r\n\r\n<p><em>Đầm c&ocirc;ng sở viền trắng thắt nơ eo KK68-50 / Gi&aacute; gốc: 400.000 VND off 15% &ndash; Gi&aacute; sale: 340.000 VND</em></p>\r\n\r\n<p>H&atilde;y kho&aacute;c l&ecirc;n m&igrave;nh những bộ c&aacute;nh pastel nền n&atilde; như trắng ng&agrave;, xanh, hồng, ghi&hellip; để vẻ mặn m&agrave; của phụ nữ tuổi 35 được dịp ph&aacute;t huy hết sức mạnh.</p>\r\n\r\n<p><em>Đầm x&ograve;e sắc hồng ngọt ng&agrave;o S10 / Gi&aacute; gốc 420.000 VND off 50% &ndash; Gi&aacute; sale 210.000 VND</em></p>\r\n\r\n<h3>4. Một đ&ocirc;i gi&agrave;y thoải m&aacute;i mang đến sự tự tin</h3>\r\n\r\n<p>Phụ nữ tuổi 35 c&oacute; lẽ c&oacute; qu&aacute; nhiều bận rộn để đi một đ&ocirc;i gi&agrave;y qu&aacute; cao hay trang tr&iacute; qu&aacute; cầu kỳ. Bạn n&ecirc;n ưu ti&ecirc;n những đ&ocirc;i gi&agrave;y nhẹ nh&agrave;ng, xinh xắn, kh&ocirc;ng qu&aacute; cao v&agrave; thiết kế c&agrave;ng đơn giản c&agrave;ng tốt.</p>\r\n\r\n<p><a href=\"https://kkfashion.vn/wp-content/uploads/2017/10/7-5-tip-de-phu-nu-tuoi-35-mac-dep-hon-ca-thoi-doi-muoi.jpg\"><img alt=\"5 tips để phụ nữ tuổi 35 mặc đẹp hơn cả thời đôi mươi\" src=\"https://kkfashion.vn/wp-content/uploads/2017/10/7-5-tip-de-phu-nu-tuoi-35-mac-dep-hon-ca-thoi-doi-muoi.jpg\" style=\"height:652px; width:564px\" /></a></p>\r\n', '15434156071543415607tin-09.png', 1),
(16, 2, 'ÁO KHOÁC DA: CÁCH TÂN KIỂU DÁNG, GHI ĐIỂM THỜI TRANG', '<p>Cột mốc đ&aacute;nh dấu sự trưởng th&agrave;nh về&nbsp;thời trang của c&aacute;c ch&agrave;ng trai&nbsp;c&oacute; lẽ từ l&acirc;u vẫn lu&ocirc;n được đ&aacute;nh gi&aacute; qua những chiếc &aacute;o kho&aacute;c da đầu ti&ecirc;n.&nbsp;</p>\r\n', '<p>Trải qua sự biến đổi nhiều thăng trầm&nbsp;từ đồng phục của &ldquo;d&acirc;n chơi&rdquo; motor những năm 50, cho tới xu thế thịnh h&agrave;nh của những nh&oacute;m nhạc Punk thập ni&ecirc;n 70, những chiếc &aacute;o kho&aacute;c da vẫn xứng đ&aacute;ng với ng&ocirc;i vương trang phục thời thượng nhất. Với tuổi đời kh&ocirc;ng nhỏ của m&igrave;nh, chiếc &aacute;o c&aacute; t&iacute;nh n&agrave;y&nbsp;nghiễm nhi&ecirc;n chiếm trọn cảm t&igrave;nh của đấng m&agrave;y r&acirc;u, từ những qu&yacute; &ocirc;ng trưởng th&agrave;nh, gi&agrave; dặn cho tới những g&atilde; trai trẻ ng&ocirc;ng ngh&ecirc;nh, ngạo nghễ với đời.</p>\r\n\r\n<p>Một trong những l&yacute; do khiến c&aacute;c ch&agrave;ng trai vẫn chần chừ trong việc quyết định mua những chiếc &aacute;o kho&aacute;c da đ&oacute; ch&iacute;nh l&agrave; kh&ocirc;ng biết mặc thế n&agrave;o cho đẹp. Việc &ldquo;mix-and-match&rdquo; với &aacute;o kho&aacute;c da cũng như một b&agrave;i kiểm tra về gu thẩm mỹ&nbsp;của bản th&acirc;n bạn.</p>\r\n\r\n<h3><strong>&Aacute;o kho&aacute;c da cổ điển: Đơn giản m&agrave; dễ mặc</strong></h3>\r\n\r\n<p>Trong lịch sử thời trang, sự&nbsp;cổ điển trong gu thẩm mỹ vẫn chưa bao giờ bị coi l&agrave; &ldquo;hết thời&rdquo;. Theo quan niệm th&ocirc;ng thường, đ&acirc;y được coi l&agrave; sự mẫu mực ti&ecirc;u biểu của những thời k&igrave; trước. Bởi vậy với những item thời thượng mang t&iacute;nh &ldquo;iconic&rdquo; cực lớn như &aacute;o kho&aacute;c da, đường n&eacute;t cổ điển ch&iacute;nh l&agrave; ti&ecirc;u ch&iacute; quan trọng trong lựa chọn&nbsp;&ldquo;must-have&rdquo; n&agrave;y của c&aacute;c ch&agrave;ng.</p>\r\n\r\n<p>&Aacute;o kho&aacute;c da được thừa hưởng sự tinh tế v&agrave; ho&agrave;n mỹ bậc nhất từ những thế hệ đầu ti&ecirc;n. C&oacute; lẽ v&igrave; thế m&agrave; c&aacute;ch kết hợp với ch&uacute;ng cũng kh&aacute; dễ d&agrave;ng, thoải m&aacute;i v&agrave; đơn giản. C&ugrave;ng chiếc &aacute;o ph&ocirc;ng trắng tương phản với &aacute;o da m&agrave;u đen, c&aacute;ch tốt nhất để kết hợp l&agrave; lựa chọn cho m&igrave;nh một chiếc quần chinos với phomg d&aacute;ng&nbsp;tương th&iacute;ch, tạo n&ecirc;n phong th&aacute;i đĩnh đạc m&agrave; kh&ocirc;ng k&eacute;m phần tinh tế. V&agrave; dĩ nhi&ecirc;n kh&ocirc;ng thể thiếu đi&nbsp;những đ&ocirc;i gi&agrave;y da n&acirc;u thật bụi bặm, c&aacute; t&iacute;nh.</p>\r\n\r\n<p>Với những ch&agrave;ng trai đ&atilde; trải qua nhiều thăng trầm trong cuộc đời, c&oacute; lẽ&nbsp;những chiếc&nbsp;&aacute;o kho&aacute;c nam&nbsp;&ldquo;chất chơi&rdquo; n&agrave;y sẽ ph&ugrave; hợp hơn với phong c&aacute;ch lịch sự của một qu&yacute; &ocirc;ng đ&uacute;ng chất! H&atilde;y lựa chọn cho m&igrave;nh một chiếc &aacute;o sơ mi với m&agrave;u sắc nhẹ nh&agrave;ng, nh&atilde; nhặn. Th&ecirc;m thắt một chiếc c&agrave; vạt v&agrave; chững chạc với chiếc quần &acirc;u m&agrave;u x&aacute;m vừa vặn. Chắc chắn, outfit n&agrave;y sẽ gi&uacute;p bạn trở n&ecirc;n nổi bật hơn trong mắt người đối diện với vẻ bề ngo&agrave;i mang đậm phong c&aacute;ch &ldquo;vintage&rdquo; của một qu&yacute; &ocirc;ng từng trải.</p>\r\n\r\n<h3><strong>H&atilde;y thử l&agrave;m mới phong c&aacute;ch bản th&acirc;n với chiếc &aacute;o kho&aacute;c da m&agrave;u đỏ đun.</strong></h3>\r\n\r\n<p>Điều đặc biệt ở những chiếc &aacute;o kho&aacute;c da đ&oacute; ch&iacute;nh l&agrave; chỉ cần kho&aacute;c ch&uacute;ng l&ecirc;n, bạn c&oacute; thể v&ocirc; tư kết hợp với bất kỳ bộ đồ n&agrave;o m&agrave; vẫn tr&ocirc;ng cực k&igrave; &ldquo;chất chơi&rdquo;. Bởi lẽ đ&oacute;, tại sao kh&ocirc;ng thử sức chơi đ&ugrave;a với những chiếc &aacute;o da c&oacute; m&agrave;u sắc th&uacute; vị hơn nhỉ?</p>\r\n\r\n<h3><strong>&Aacute;o kho&aacute;c da Biker, phong c&aacute;ch của ch&agrave;ng Bad Boy c&aacute; t&iacute;nh</strong></h3>\r\n\r\n<p>Thịnh h&agrave;nh từ những thập ni&ecirc;n 50, Biker Jacket được biết đến như &ldquo;người em trai nổi loạn&rdquo; của &aacute;o kho&aacute;c da cổ điển. Ch&uacute;ng mang đến cho người mặc phong c&aacute;ch&nbsp;đường phố độc đ&aacute;o v&agrave; &ldquo;chất chơi&rdquo; hơn hẳn người anh. Điểm cộng cho &aacute;o kho&aacute;c Biker l&agrave; c&aacute;ch kết hợp rất đơn giản v&agrave; kh&ocirc;ng qu&aacute; cầu k&igrave;. Tuy vậy, bạn cần phải ch&uacute; trọng hơn khi &ldquo;mix- match&rdquo; bởi Biker Jacket c&oacute; đặc th&ugrave; kiểu d&aacute;ng b&oacute; s&aacute;t, &ocirc;m người hơn d&aacute;ng &aacute;o cổ điển.</p>\r\n\r\n<h3><strong>&Aacute;o kho&aacute;c Aviator độc đ&aacute;o hay Bomber Jacket truyền thống?</strong></h3>\r\n\r\n<p>Nếu kể đến sự đa dạng về kiểu d&aacute;ng của những chiếc &aacute;o kho&aacute;c da, chắc chắn ta kh&ocirc;ng thể bỏ qua hai kiểu thời thượng nhất l&agrave; Aviator v&agrave; Bomber. C&ugrave;ng bắt nguồn từ&nbsp;nhu cầu giữ ấm trong qu&acirc;n đội nhưng c&oacute; lẽ, độ phổ biến của ch&uacute;ng c&oacute; lẽ đ&atilde; vượt mặt đ&agrave;n anh &aacute;o da cổ điển hay Biker Jacket.</p>\r\n\r\n<p>Lời khuy&ecirc;n cho c&aacute;c fan h&acirc;m mộ &aacute;o kho&aacute;c Aviator ch&iacute;nh l&agrave;: C&agrave;ng đơn giản c&agrave;ng tốt! Điều đ&oacute; đồng nghĩa rằng &aacute;o ph&ocirc;ng trắng vẫn sẽ ph&aacute;t huy hiệu quả. Tiếp theo, bạn chỉ cần phối ch&uacute;ng với một chiếc quần Cargo bụi bặm c&ugrave;ng một đ&ocirc;i ủng bạc m&agrave;u l&agrave; đ&atilde; sở hữu cho m&igrave;nh một bộ Outfit &ldquo;đỉnh của đỉnh&rdquo; rồi.</p>\r\n\r\n<p>&nbsp;</p>\r\n', '15434161751543416175tin-01.jpg', 1),
(17, 2, 'TRỞ THÀNH MỸ NAM CHỐN CÔNG SỞ VỚI BỘ ĐỒ VEST - HÃY “NẰM LÒNG” 5 NGUYÊN TẮC SAU', '<p><span style=\"font-size:11pt\"><span style=\"font-family:Calibri,sans-serif\">C&oacute; thể bạn chưa biết: Ấn tượng đầu ti&ecirc;n đến từ bộ trang phục sẽ tạo n&ecirc;n thiện cảm v&agrave; ấn tượng tốt cho người đối diện. </span></span></p>\r\n', '<p><strong>1. CHỌN VEST Đ&Uacute;NG SIZE</strong></p>\r\n\r\n<p>Nguy&ecirc;n tắc đầu ti&ecirc;n v&agrave; l&agrave; nguy&ecirc;n tắc quan trọng nhất đ&oacute; l&agrave; bạn phải lu&ocirc;n đảm bảo bộ trang phục của m&igrave;nh vừa vặn với cơ thể</p>\r\n\r\n<p><img src=\"https://biluxury.vn/media/webb1.jpg\" /></p>\r\n\r\n<p>Bạn đ&atilde; thử tưởng tượng nếu m&igrave;nh mặc bộ vest&nbsp;rộng th&ugrave;ng th&igrave;nh hoặc bộ vest qu&aacute; chật sẽ ra sao chưa? Nếu kh&ocirc;ng muốn tự biến m&igrave;nh th&agrave;nh &ldquo;thảm họa thời trang&rdquo; h&atilde;y coi đ&acirc;y l&agrave; ti&ecirc;u ch&iacute; đầu ti&ecirc;n khi chọn đồ.</p>\r\n\r\n<p><strong>2. MẶC TRANG PHỤC PH&Ugrave; HỢP VỚI M&Ocirc;I TRƯỜNG L&Agrave;M VIỆC</strong></p>\r\n\r\n<p>&nbsp;</p>\r\n\r\n<p><strong><img alt=\"\" src=\"https://biluxury.vn/media/webb2.jpg\" style=\"height:450px; width:600px\" /></strong></p>\r\n\r\n<p>&nbsp;</p>\r\n\r\n<p>Đừng bao giờ tự &ldquo;l&agrave;m mới&rdquo; m&igrave;nh bằng việc tạo ra style &ldquo;kh&ocirc;ng giống ai&rdquo;. M&ocirc;i trường c&ocirc;ng sở lu&ocirc;n đ&ograve;i hỏi t&iacute;nh chỉnh chu, vậy n&ecirc;n những bộ vest c&oacute; gam m&agrave;u trung t&iacute;nh, &iacute;t họa tiết v&agrave; kh&ocirc;ng qu&aacute; kh&aacute;c biệt sẽ l&agrave; sự lựa chọn an to&agrave;n. Bạn cũng c&oacute; thể chọn những bộ vest s&aacute;ng m&agrave;u nhưng phải đảm bảo sự h&agrave;i h&ograve;a v&agrave; kh&ocirc;ng c&oacute; qu&aacute; nhiều họa tiết dị biệt, bởi nếu bạn để &yacute; kĩ sẽ thấy, bộ vest nhiều họa tiết sẽ xuất hiện ở tr&ecirc;n c&aacute;c s&agrave;n diễn thời trang nhiều hơn l&agrave; m&ocirc;i trường c&ocirc;ng sở.</p>\r\n\r\n<p><strong>3. LỰA CHỌN TẤT PH&Ugrave; HỢP VỚI TRANG PHỤC</strong></p>\r\n\r\n<p>Rất nhiều ch&agrave;ng trai thường mắc phải lỗi &ldquo;sơ đẳng&rdquo; n&agrave;y khi mặc đồ. V&agrave; v&ocirc; t&igrave;nh, d&ugrave; bạn mặc đồ c&oacute; đẹp đến đ&acirc;u nhưng chỉ v&igrave; chọn sai m&agrave;u tất m&agrave; sẽ khiến bạn bị &ldquo;trừ điểm&rdquo; trong mắt người đối diện.</p>\r\n\r\n<p><img src=\"https://biluxury.vn/media/webb6_1.jpg\" /></p>\r\n\r\n<p>Lời khuy&ecirc;n m&agrave; Biluxury đưa ra đ&oacute; l&agrave;: H&atilde;y ưu ti&ecirc;n chọn c&aacute;c m&agrave;u tất sẫm m&agrave;u, tone tối như: n&acirc;u, x&aacute;m hoặc đơn giản hơn l&agrave; h&atilde;y chọn một đ&ocirc;i tất c&ugrave;ng tone m&agrave;u với bộ vest m&agrave; bạn đang mặc. Như vậy, bộ quần &aacute;o của bạn sẽ h&agrave;i h&ograve;a về tổng thể v&agrave; kh&ocirc;ng khiến đồng nghiệp phải ch&uacute; &yacute; đến đ&ocirc;i ch&acirc;n của bạn.</p>\r\n', '15434163331543416333tin-02.jpg', 1),
(18, 2, '8 QUY TẮC CÀI NÚT ÁO VEST CHO QUÝ ÔNG BẠN NÊN BIẾT', '<p><span style=\"font-size:11pt\"><span style=\"font-family:Calibri,sans-serif\">Suit nam l&agrave; thứ trang phục cổ xưa. Thoạt nghe, chắc hẳn nhiều người sẽ hơi ngạc nhi&ecirc;n v&igrave; những chiếc n&uacute;t th&igrave; cần g&igrave; đến những quy tắc! </span></span></p>\r\n', '<p>H&atilde;y ghi nhớ cẩn thận những quy tắc c&agrave;i n&uacute;t của từng phong c&aacute;ch suit m&agrave; b&agrave;i viết chia sẻ sau đ&acirc;y, bởi v&igrave; &ldquo;small details make big difference&rdquo; (tạm dịch: Những chi tiết nhỏ l&agrave;m n&ecirc;n sự kh&aacute;c biệt lớn)</p>\r\n\r\n<p><strong>1. Loại một n&uacute;t</strong></p>\r\n\r\n<p>Với kiểu &aacute;o n&agrave;y th&igrave; qu&aacute; đơn giản khi vốn dĩ chỉ c&oacute; một chiếc n&uacute;t. Nhưng trước hết bạn phải thuộc khẩu quyết &ldquo;đứng c&agrave;i, ngồi mở&rdquo;: khi đứng th&igrave; c&agrave;i n&uacute;t v&agrave; cởi n&uacute;t trước khi ngồi để giữ &aacute;o kh&ocirc;ng bị nhăn, quy tắc n&agrave;y &aacute;p dụng cho tất cả kiểu d&aacute;ng suit</p>\r\n\r\n<p><img alt=\"\" src=\"https://biluxury.vn/media/a1.JPG\" style=\"height:533px; width:357px\" /></p>\r\n\r\n<p><em>Vest 1 n&uacute;t</em></p>\r\n\r\n<p><strong>2. Loại hai n&uacute;t</strong></p>\r\n\r\n<p>Đối với suit hai n&uacute;t, c&agrave;i n&uacute;t tr&ecirc;n v&agrave; bỏ n&uacute;t dưới. Nguồn gốc v&igrave; sao kh&ocirc;ng được c&agrave;i chiếc n&uacute;t thứ hai như sau: Vua Edward Đệ Thất l&agrave; một người b&eacute;o tr&ograve;n, đến nỗi kh&ocirc;ng bao giờ bộ suit của &ocirc;ng c&oacute; thể g&agrave;i được chiếc n&uacute;t thứ hai, do đ&oacute; mọi người trong triều đ&igrave;nh lẫn d&acirc;n ch&uacute;ng cũng phải bắt chước theo nh&agrave; vua. Dần d&agrave; n&oacute; trở th&agrave;nh một quy ước bất th&agrave;nh văn cho bất cứ ai, mặc suit nam m&agrave; c&agrave;i n&uacute;t cuối c&ugrave;ng l&agrave; điều tối kỵ. Bởi v&igrave; l&agrave; quy ước n&ecirc;n bạn phải l&agrave;m theo, v&agrave; kh&ocirc;ng thắc mắc.</p>\r\n\r\n<p>V&agrave; ngo&agrave;i ra, suit hiện đại được thiết kế với chiếc n&uacute;t thứ hai chỉ để trang tr&iacute; v&agrave; phần eo v&aacute;t xẻ sang hai b&ecirc;n, nếu bạn cố g&agrave;i sẽ l&agrave;m hư phom d&aacute;ng.</p>\r\n\r\n<p><img alt=\"\" src=\"https://biluxury.vn/media/a2.JPG\" style=\"height:489px; width:609px\" /></p>\r\n\r\n<p><em>Vest 2 n&uacute;t</em></p>\r\n\r\n<p><strong>3. Loại ba n&uacute;t</strong></p>\r\n\r\n<p>Mọi việc c&oacute; vẻ dần phức tạp l&ecirc;n nhưng đừng lo, bởi v&igrave; lu&ocirc;n c&oacute; những quy tắc chuẩn để ghi nhớ. N&uacute;t giữa lu&ocirc;n g&agrave;i (trừ khi ngồi), n&uacute;t tr&ecirc;n c&ugrave;ng c&oacute; thể g&agrave;i để tr&ocirc;ng lu&ocirc;n lịch thiệp hoặc kh&ocirc;ng để tạo sự ph&oacute;ng kho&aacute;ng trẻ trung. V&agrave; dĩ nhi&ecirc;n chiếc n&uacute;t cuối c&ugrave;ng lu&ocirc;n kh&ocirc;ng đ&oacute;ng.</p>\r\n\r\n<p><strong>4.&nbsp;H&agrave;ng n&uacute;t tay &aacute;o suit jacket (suit cuffs)</strong></p>\r\n\r\n<p>Những bộ suit bespoke (may đo) lu&ocirc;n c&oacute; h&agrave;ng khuy ngay cổ tay &aacute;o kho&aacute;c, n&oacute; l&agrave; một di sản từ xa xưa khi đồ suit l&agrave; thứ trang phục h&agrave;ng ng&agrave;y của nam giới. Bất kể l&agrave; người lao động ch&acirc;n tay, nh&acirc;n vi&ecirc;n b&agrave;n giấy hay thậm ch&iacute; l&agrave; b&aacute;c sĩ giải phẫu th&igrave; đ&agrave;n &ocirc;ng lu&ocirc;n mặc suit. H&agrave;ng n&uacute;t ở cổ tay &aacute;o c&oacute; t&ecirc;n l&agrave; functioning cuff buttons, c&oacute; thể mở ra để xắn ống tay &aacute;o l&ecirc;n để hạn chế việc vấy bẩn hay hư hỏng.</p>\r\n\r\n<p><img alt=\"\" src=\"https://biluxury.vn/media/a7.JPG\" style=\"height:249px; width:357px\" /></p>\r\n\r\n<p><em>H&agrave;ng khuy tay &aacute;o may đo thường sẽ c&oacute; thể &ldquo;đ&oacute;ng-mở&rdquo; được.</em></p>\r\n\r\n<p>Nhưng ng&agrave;y nay, n&oacute; trở th&agrave;nh chi tiết trang tr&iacute; cho bộ suit chứ kh&ocirc;ng c&ograve;n mang &yacute; nghĩa ban đầu. Ri&ecirc;ng đối với những bộ suit bespoke đắt tiền, chi tiết h&agrave;ng n&uacute;t được may đo tỉ mỉ v&agrave; c&oacute; thể &ldquo;c&agrave;i &ndash; đ&oacute;ng&rdquo; được, đ&acirc;y cũng l&agrave; dấu hiệu nhận biết gi&aacute; trị của bộ c&aacute;nh người ấy mặc tr&ecirc;n người.</p>\r\n', '15434164861543416486tin-03.jpg', 0);
INSERT INTO `tbl_news` (`pk_news_id`, `fk_category_news_id`, `c_name`, `c_description`, `c_content`, `c_img`, `c_hotnews`) VALUES
(19, 2, 'LÝ DO NHẤT ĐỊNH NAM GIỚI NÊN CHỌN CHIẾC ÁO SƠ MI LÀM TỪ CHẤT LIỆU COTTON', '<p><em><strong>Để chọn được trang phục đảm bảo ti&ecirc;u ch&iacute;: đẹp &amp; thoải m&aacute;i th&igrave; bạn kh&ocirc;ng n&ecirc;n bỏ qua những items &aacute;o sơ mi với chất liệu từ cotton</strong></em></p>\r\n', '<p><strong>1. THO&Aacute;NG M&Aacute;T, THẤM H&Uacute;T MỒ H&Ocirc;I</strong></p>\r\n\r\n<p>C&oacute; lẽ ưu điểm lớn nhất v&agrave; kh&ocirc;ng thể kh&ocirc;ng kể đến đ&oacute; l&agrave; khả năng thấm h&uacute;t mồ h&ocirc;i rất tốt, nhất l&agrave; khi tiết trời Miền Bắc đang trong những ng&agrave;y nắng n&oacute;ng đỉnh điểm như thế n&agrave;y, việc chọn chiếc sơ mi l&agrave;m từ cotton được xem l&agrave; sự lựa chọn th&ocirc;ng minh.</p>\r\n\r\n<p><strong>2. T&Iacute;NH TIỆN DỤNG</strong></p>\r\n\r\n<p>Được dẫn đầu trong danh s&aacute;ch c&aacute;c loại vải phổ biến nhất, vải cotton thường được c&aacute;c thương hiệu thời trang nam sử dụng l&agrave;m chất liệu ch&iacute;nh cho c&aacute;c sản phẩm &aacute;o sơ mi nam cao cấp, ch&iacute;nh v&igrave; thế bạn sẽ dễ d&agrave;ng t&igrave;m kiếm c&aacute;c sản phẩm bằng sợi cotton tại c&aacute;c cửa h&agrave;ng thời trang. Đ&oacute; ch&iacute;nh l&agrave; l&iacute; do shop&nbsp;thường sử dụng loại chất liệu n&agrave;y cho những mẫu &aacute;o sơ mi nam.</p>\r\n\r\n<p><strong>3. ĐỘ BỀN CAO</strong></p>\r\n\r\n<p>Chất liệu cotton được đ&aacute;nh gi&aacute; l&agrave; một trong những loại vải c&oacute; độ bền cao nhất. Đ&acirc;y ch&iacute;nh l&agrave; l&iacute; do nam giới thường chọn những sản phẩm l&agrave;m từ chất liệu cotton, bởi nếu như nữ giới thường xuy&ecirc;n thay đổi style ăn mặc th&igrave; nam giới lại kh&aacute; &ldquo;lười&rdquo; sắm cho m&igrave;nh c&aacute;c trang phục mới, họ thường c&oacute; xu hướng chọn những sản phẩm sơ mi c&oacute; độ bền cao.</p>\r\n\r\n<p><strong>4. Giặt nhanh kh&ocirc;</strong></p>\r\n\r\n<p>Chất liệu cotton c&ograve;n c&oacute; ưu điểm l&agrave; giặt nhanh kh&ocirc;. Bạn sẽ kh&ocirc;ng qu&aacute; lo lắng cho việc ẩm ướt g&acirc;y m&ugrave;i kh&oacute; chịu, t&iacute;nh th&ocirc;ng tho&aacute;ng trong sợi vải cotton hầu như rất th&acirc;n thiện với m&ocirc;i trường thời tiết như ở Việt Nam.</p>\r\n\r\n<p><strong>5. BẢO QUẢN CỰC DỄ D&Agrave;NG</strong></p>\r\n\r\n<p>Với chất liệu cotton việc giặt cũng trở n&ecirc;n dễ d&agrave;ng hơn , điều n&agrave;y gi&uacute;p bạn kh&ocirc;ng mất qu&aacute; nhiều cho c&ocirc;ng việc giặc ủi. Bạn c&oacute; thể giặt ở chế độ b&igrave;nh thường của chế độ m&aacute;y giặt rồi đem phơi. Đảm bảo trong v&agrave;i giờ phơi bạn sẽ lại c&oacute; một chiếc &aacute;o đẹp như mới.</p>\r\n', '15434167401543416740tin-04.png', 0),
(20, 2, 'ÁO POLO – TRANG PHỤC KINH ĐIỂN KHÔNG BAO GIỜ LỖI MỐT', '<p><span style=\"font-size:11pt\"><span style=\"font-family:Calibri,sans-serif\"><strong><em><span style=\"font-family:&quot;Calibri&quot;,sans-serif\">&Aacute;o polo c&ugrave;ng với T-shirt l&agrave; những chủng loại &aacute;o phổ biến nhất thế giới, v&agrave; ta c&oacute; thể dễ d&agrave;ng nh&igrave;n thấy những trang phục này ở bất cứ nơi n&agrave;o.</span></em></strong></span></span></p>\r\n', '<p>Vì dòng áo Polo là sản ph&acirc;̉m áo thun có c&ocirc;̉ n&ecirc;n được nam giới tại Vi&ecirc;̣t Nam r&acirc;́t ưa chu&ocirc;̣ng bởi tính ứng dụng cao như: du lịch, thời trang dạo phố, đồng phục văn ph&ograve;ng, c&ocirc;ng sở, &aacute;o thun phục vụ quảng c&aacute;o, qu&agrave; tặng của c&aacute;c doanh nghiệp. Người Việt Nam đặc biệt rất ưa chuộng &aacute;o thun polo do form &aacute;o rất hợp với v&oacute;c d&aacute;ng người Ch&acirc;u &Aacute;</p>\r\n\r\n<p><img src=\"http://biluxury.vn/media/33488783_923205814518596_3978188298001580032_n.jpg\" /></p>\r\n\r\n<p>Theo s&ocirc;́ li&ecirc;̣u th&ocirc;́ng k&ecirc; bán hàng của nhãn hi&ecirc;̣u thời trang nam , những m&acirc;̃u bán chạy nh&acirc;́t là các dòng sản ph&acirc;̉m Polo c&ocirc;ng sở với các màu ưa thích đó là: Trắng, đen, xanh navy.&nbsp; Tuy nhi&ecirc;n, những m&acirc;̃u áo Polo có màu sắc sáng và n&ocirc;̉i b&acirc;̣t lại được nam giới trẻ tu&ocirc;̉i đặc bi&ecirc;̣t y&ecirc;u thích.</p>\r\n\r\n<p>Tuy áo Polo d&ecirc;̃ mặc, d&ecirc;̃ k&ecirc;́t hợp, nhưng n&ecirc;́u bạn phạm phải 5 sai l&acirc;̀m sau sẽ phá hỏng toàn b&ocirc;̣ trang phục của bạn:</p>\r\n\r\n<p><strong>1. TUY&Ecirc;̣T Đ&Ocirc;́I ĐỪNG BAO GIỜ SƠ VIN ÁO POLO</strong></p>\r\n\r\n<p><strong>2. CHỌN CHI&Ecirc;́C ÁO VỪA VỚI CƠ TH&Ecirc;̉</strong></p>\r\n\r\n<p><strong>3. TÍNH ỨNG DỤNG CAO</strong></p>\r\n', '15434168881543416888tin-05.jpg', 1),
(21, 2, 'NGẮM GU THỜI TRANG ĐƠN GIẢN, NỮ TÍNH CỦA NABI NHÃ PHƯƠNG', '<p>&nbsp;C&ugrave;ng ngắm những bộ đồ cực nữ t&iacute;nh của Nh&atilde; Phương để hiểu được tại sao gu thời trang của c&ocirc; lu&ocirc;n tạo được ấn tượng</p>\r\n', '<p><em>D&ugrave; kh&ocirc;ng hề mix đồ cầu k&igrave; nhưng set đồ chỉ gồm 2 m&agrave;u đen, trắng của Nh&atilde; Phương vẫn g&acirc;y được ấn tượng. Nữ diễn vi&ecirc;n xinh đẹp đ&atilde; l&agrave;m nổi bật được vẻ trẻ trung của m&igrave;nh khi mix v&aacute;y&nbsp;yếm thanh lịch&nbsp;với &aacute;o thun trắng</em></p>\r\n\r\n<p><img src=\"https://cdn.explus.vn/media.phunutoday.vn/files/upload_images/2015/11/26/nha-phuong-phunutoday_vn-02.jpg\" /></p>\r\n\r\n<p><em>C&ocirc; n&agrave;ng với biệt danh &quot;b&aacute;nh b&egrave;o&quot; lu&ocirc;n th&iacute;ch những chiếc v&aacute;y c&oacute; m&agrave;u sắc nh&atilde; nhặn. Chiếc v&aacute;y m&agrave;u hồng pastel d&aacute;ng x&ograve;e n&agrave;y l&agrave; một trong những chiếc v&aacute;y được y&ecirc;u th&iacute;ch của Nh&atilde; Phương. Tr&ocirc;ng c&ocirc; hết sức nữ t&iacute;nh v&agrave; trẻ trung khi diện n&oacute;.</em></p>\r\n\r\n<p><em>Đ&ocirc;i l&uacute;c, Nh&atilde; Phương cũng &quot;đổi gi&oacute;&quot; với phong c&aacute;ch vừa &quot;ngầu&quot; vừa quyến rũ như thế n&agrave;y. C&ocirc; chọn bộ đầm đen b&oacute; s&aacute;t khoe được những đường cong cơ thể v&agrave; mix c&ugrave;ng sneaker.</em></p>\r\n\r\n<p><img src=\"https://cdn.explus.vn/media.phunutoday.vn/files/upload_images/2015/11/26/nha-phuong-phunutoday_vn-04.jpg\" /></p>\r\n\r\n<p><em>&Aacute;o trễ vai l&agrave; một trong những xu hướng hot nhất năm nay v&agrave; chắc chắn c&ocirc; n&agrave;ng điệu đ&agrave; n&agrave;y kh&ocirc;ng thể bỏ lỡ. Với &aacute;o trễ vai&nbsp;gợi cảm, c&ocirc; mặc c&ugrave;ng ch&acirc;n v&aacute;y m&agrave;u trắng x&aacute;m&nbsp;độc đ&aacute;o. Nh&atilde; Phương c&ograve;n kh&ocirc;ng qu&ecirc;n l&agrave;m điệu với mũ fedora.</em></p>\r\n', '15434170751543417075tin-06.jpg', 0),
(22, 3, 'TẶNG ÁO GIỮ NHIỆT 249K KHI MUA ĐƠN HÀNG >800.000Đ', '<p><span style=\"font-size:11pt\"><span style=\"font-family:Calibri,sans-serif\">M&ugrave;a thu đến rồi, chẳng thể thiếu được 1 chiếc &aacute;o thun giữ nhiệt basic trong tiết trời se lạnh n&agrave;y. Nếu bạn chưa sở hữu chiếc &aacute;o giữ nhiệt cũng đừng lo, cơ hội vẫn c&ograve;n.&nbsp;</span></span></p>\r\n', '<p>M&ugrave;a thu đến rồi, chẳng thể thiếu được 1 chiếc &aacute;o thun giữ nhiệt basic trong tiết trời se lạnh n&agrave;y. Nếu bạn chưa sở hữu chiếc &aacute;o giữ nhiệt thần th&aacute;nh của Fashion2 cũng đừng lo, cơ hội vẫn c&ograve;n.&nbsp;</p>\r\n\r\n<p>Ch&uacute;ng t&ocirc;i xin gửi tặng bạn &aacute;o giữ nhiệt 249k khi mua đơn h&agrave;ng &gt;800000đ</p>\r\n\r\n<p>&nbsp;</p>\r\n', '15434174771543417477tin01.png', 0),
(23, 3, 'BLACK FRIDAY – SALE UPTO 50%', '<p>Sẽ thật hối tiếc nếu c&aacute;c t&iacute;n đồ thời trang bỏ qua cơ hội mua sắm Black Friday &ndash; lễ hội sale HO&Agrave;NH TR&Aacute;NG v&agrave; CHO&Aacute;NG NGỢP nhất trong năm l&ecirc;n tới 50%!!</p>\r\n', '<p><em><strong>Sẽ thật hối tiếc nếu c&aacute;c t&iacute;n đồ thời trang bỏ qua cơ hội mua sắm Black Friday &ndash; lễ hội sale HO&Agrave;NH TR&Aacute;NG v&agrave; CHO&Aacute;NG NGỢP nhất trong năm l&ecirc;n tới 50%!!</strong></em></p>\r\n\r\n<p><strong><em>1. Thời gian:</em></strong>&nbsp;17-30/11/2018</p>\r\n\r\n<p><strong><em>2. Nội dung chương tr&igrave;nh</em></strong></p>\r\n\r\n<p>&Aacute;o ph&ocirc;ng sale 50%</p>\r\n\r\n<p>&Aacute;o sơ mi sale 40%</p>\r\n\r\n<p>Quần &acirc;u sale 40%, 30%</p>\r\n\r\n<p>&Aacute;o len, &aacute;o gi&oacute; sale 40%</p>\r\n\r\n<p>&Aacute;o vest sale 40%</p>\r\n\r\n<p>Quần Jeans sale 20%</p>\r\n\r\n<p>Quần Kaki đồng gi&aacute; 199k</p>\r\n\r\n<p>&Aacute;o thun đồng gi&aacute; 99k</p>\r\n\r\n<p>Mua bộ Vest tặng sơ mi + combo F1</p>\r\n\r\n<p>Đơn h&agrave;ng &gt;1,2 triệu tặng &aacute;o thun giữ nhiệt</p>\r\n\r\n<p>Đơn h&agrave;ng &gt; 2 triệu tặng &aacute;o gi&oacute; 1 lớp</p>\r\n\r\n<p>Đơn h&agrave;ng &gt;3 triệu tặng &aacute;o gi&oacute; 2 lớp hoặc bộ nỉ</p>\r\n\r\n<p><strong><em>3. Lưu &yacute;:</em></strong></p>\r\n\r\n<ul>\r\n	<li>Chỉ &aacute;p dụng 1 chương tr&igrave;nh khuyến m&atilde;i, kh&ocirc;ng &aacute;p dụng 2 chương tr&igrave;nh c&ugrave;ng l&uacute;c</li>\r\n	<li>Chương tr&igrave;nh &aacute;p dụng cho cả kh&aacute;ch mua online. Điều kiện: kh&aacute;ch mua h&agrave;ng online phải thanh to&aacute;n 100% ph&iacute; vận chuyển v&agrave; COD (nếu c&oacute;)</li>\r\n	<li>Kh&ocirc;ng đổi trả c&aacute;c sản phẩm trong CTKM</li>\r\n</ul>\r\n', '15434176101543417610Tin tức 1_1.jpg', 1);

-- --------------------------------------------------------

--
-- Cấu trúc bảng cho bảng `tbl_order`
--

CREATE TABLE `tbl_order` (
  `order_id` int(11) NOT NULL,
  `customer_id` int(11) NOT NULL,
  `ngaymua` date NOT NULL,
  `gia` float NOT NULL,
  `trangthai` int(11) NOT NULL
) ENGINE=InnoDB DEFAULT CHARSET=utf8 COLLATE=utf8_unicode_ci;

--
-- Đang đổ dữ liệu cho bảng `tbl_order`
--

INSERT INTO `tbl_order` (`order_id`, `customer_id`, `ngaymua`, `gia`, `trangthai`) VALUES
(1, 1, '2018-11-30', 0, 0),
(2, 2, '2018-11-30', 0, 1),
(3, 3, '2018-11-30', 0, 0),
(4, 4, '2018-11-30', 0, 0),
(5, 5, '2018-11-30', 0, 0),
(6, 6, '2018-11-30', 0, 0);

-- --------------------------------------------------------

--
-- Cấu trúc bảng cho bảng `tbl_order_detail`
--

CREATE TABLE `tbl_order_detail` (
  `order_detail_id` int(11) NOT NULL,
  `order_id` int(11) NOT NULL,
  `fk_product_id` int(11) NOT NULL,
  `c_number` int(11) NOT NULL
) ENGINE=InnoDB DEFAULT CHARSET=utf8 COLLATE=utf8_unicode_ci;

--
-- Đang đổ dữ liệu cho bảng `tbl_order_detail`
--

INSERT INTO `tbl_order_detail` (`order_detail_id`, `order_id`, `fk_product_id`, `c_number`) VALUES
(1, 1, 49, 1),
(2, 1, 48, 3),
(3, 2, 17, 1),
(4, 3, 22, 1),
(5, 4, 17, 1);

-- --------------------------------------------------------

--
-- Cấu trúc bảng cho bảng `tbl_product`
--

CREATE TABLE `tbl_product` (
  `pk_product_id` int(11) NOT NULL,
  `fk_category_product_id` int(11) NOT NULL,
  `c_sex` int(11) NOT NULL,
  `c_name` varchar(500) COLLATE utf8_unicode_ci NOT NULL,
  `c_description` varchar(20000) COLLATE utf8_unicode_ci NOT NULL,
  `c_content` text COLLATE utf8_unicode_ci NOT NULL,
  `c_img` varchar(500) COLLATE utf8_unicode_ci NOT NULL,
  `c_img2` varchar(500) COLLATE utf8_unicode_ci NOT NULL,
  `c_img3` varchar(100) COLLATE utf8_unicode_ci NOT NULL,
  `c_img4` varchar(200) COLLATE utf8_unicode_ci NOT NULL,
  `c_hotproduct` int(11) NOT NULL,
  `c_price` float NOT NULL,
  `fk_type_product_id` int(11) NOT NULL,
  `c_saleproduct` int(11) NOT NULL
) ENGINE=InnoDB DEFAULT CHARSET=utf8 COLLATE=utf8_unicode_ci;

--
-- Đang đổ dữ liệu cho bảng `tbl_product`
--

INSERT INTO `tbl_product` (`pk_product_id`, `fk_category_product_id`, `c_sex`, `c_name`, `c_description`, `c_content`, `c_img`, `c_img2`, `c_img3`, `c_img4`, `c_hotproduct`, `c_price`, `fk_type_product_id`, `c_saleproduct`) VALUES
(17, 11, 0, 'DH927 Đầm suông nơ ruy băng', '<p>Với chất liệu bố H&agrave;n Quốc cực đẹp c&agrave;ng gi&uacute;p cho form d&aacute;ng sản phẩm c&agrave;ng chuẩn, với tay &aacute;o ph&aacute; c&aacute;ch hiện đại trẻ trung tạo cho người mặc cảm gi&aacute;c thoải m&aacute;i, tươi mới v&agrave; dịu d&agrave;ng hơn với nơ xinh đ&iacute;nh cổ.</p>\r\n', '<p>Với v&aacute;y su&ocirc;ng kh&ocirc;ng thể gi&uacute;p bạn g&aacute;i khoe ngực đầy, eo thon hay v&ograve;ng 3 quyến rũ. Nhưng b&ugrave; lại với những c&ocirc; n&agrave;ng c&oacute; v&ograve;ng 2 kh&ocirc;ng thon gọn, v&ograve;ng 1 khi&ecirc;m tốn v&agrave; v&ograve;ng 3 thiếu gợi cảm th&igrave; sẽ biến mất trong chiếc đầm su&ocirc;ng v&agrave; n&oacute; dồn tất cả sự ch&uacute; &yacute; v&agrave;o khu&ocirc;n mặt v&agrave; đ&ocirc;i ch&acirc;n thon của người mặc. Sự k&iacute;n đ&aacute;o, mềm mại, nữ t&iacute;nh v&agrave; ph&ugrave; hợp với mọi d&aacute;ng người l&agrave; lợi &iacute;ch của v&aacute;y su&ocirc;ng đem lại cho bạn.<br />\r\nVới chất liệu bố H&agrave;n Quốc cực đẹp c&agrave;ng gi&uacute;p cho form d&aacute;ng sản phẩm c&agrave;ng chuẩn, với tay &aacute;o ph&aacute; c&aacute;ch hiện đại trẻ trung tạo cho người mặc cảm gi&aacute;c thoải m&aacute;i, tươi mới v&agrave; dịu d&agrave;ng hơn với nơ xinh đ&iacute;nh cổ.<br />\r\nVới v&aacute;y su&ocirc;ng kh&ocirc;ng thể gi&uacute;p bạn g&aacute;i khoe ngực đầy, eo thon hay v&ograve;ng 3 quyến rũ. Nhưng b&ugrave; lại với những c&ocirc; n&agrave;ng c&oacute; v&ograve;ng 2 kh&ocirc;ng thon gọn, v&ograve;ng 1 khi&ecirc;m tốn v&agrave; v&ograve;ng 3 thiếu gợi cảm th&igrave; sẽ biến mất trong chiếc đầm su&ocirc;ng v&agrave; n&oacute; dồn tất cả sự ch&uacute; &yacute; v&agrave;o khu&ocirc;n mặt v&agrave; đ&ocirc;i ch&acirc;n thon của người mặc. Sự k&iacute;n đ&aacute;o, mềm mại, nữ t&iacute;nh v&agrave; ph&ugrave; hợp với mọi d&aacute;ng người l&agrave; lợi &iacute;ch của v&aacute;y su&ocirc;ng đem lại cho bạn.<br />\r\nVới chất liệu bố H&agrave;n Quốc cực đẹp c&agrave;ng gi&uacute;p cho form d&aacute;ng sản phẩm c&agrave;ng chuẩn, với tay &aacute;o ph&aacute; c&aacute;ch hiện đại trẻ trung tạo cho người mặc cảm gi&aacute;c thoải m&aacute;i, tươi mới v&agrave; dịu d&agrave;ng hơn với nơ xinh đ&iacute;nh cổ.</p>\r\n', '1543545933MS48M3822.jpg', '1543545933MS48M38222.jpg', '1543545933MS48M38223.jpg', '1543545933MS48M38224.jpg', 1, 1400000, 2, 0),
(18, 11, 0, 'DH926 Đầm suông Nữ', '<p>Với chất liệu bố H&agrave;n Quốc cực đẹp c&agrave;ng gi&uacute;p cho form d&aacute;ng sản phẩm c&agrave;ng chuẩn, với tay &aacute;o ph&aacute; c&aacute;ch hiện đại trẻ trung tạo cho người mặc cảm gi&aacute;c thoải m&aacute;i, tươi mới v&agrave; dịu d&agrave;ng hơn với nơ xinh đ&iacute;nh cổ.</p>\r\n', '<p>Với v&aacute;y su&ocirc;ng kh&ocirc;ng thể gi&uacute;p bạn g&aacute;i khoe ngực đầy, eo thon hay v&ograve;ng 3 quyến rũ. Nhưng b&ugrave; lại với những c&ocirc; n&agrave;ng c&oacute; v&ograve;ng 2 kh&ocirc;ng thon gọn, v&ograve;ng 1 khi&ecirc;m tốn v&agrave; v&ograve;ng 3 thiếu gợi cảm th&igrave; sẽ biến mất trong chiếc đầm su&ocirc;ng v&agrave; n&oacute; dồn tất cả sự ch&uacute; &yacute; v&agrave;o khu&ocirc;n mặt v&agrave; đ&ocirc;i ch&acirc;n thon của người mặc. Sự k&iacute;n đ&aacute;o, mềm mại, nữ t&iacute;nh v&agrave; ph&ugrave; hợp với mọi d&aacute;ng người l&agrave; lợi &iacute;ch của v&aacute;y su&ocirc;ng đem lại cho bạn.<br />\r\nVới chất liệu bố H&agrave;n Quốc cực đẹp c&agrave;ng gi&uacute;p cho form d&aacute;ng sản phẩm c&agrave;ng chuẩn, với tay &aacute;o ph&aacute; c&aacute;ch hiện đại trẻ trung tạo cho người mặc cảm gi&aacute;c thoải m&aacute;i, tươi mới v&agrave; dịu d&agrave;ng hơn với nơ xinh đ&iacute;nh cổ.<br />\r\nVới v&aacute;y su&ocirc;ng kh&ocirc;ng thể gi&uacute;p bạn g&aacute;i khoe ngực đầy, eo thon hay v&ograve;ng 3 quyến rũ. Nhưng b&ugrave; lại với những c&ocirc; n&agrave;ng c&oacute; v&ograve;ng 2 kh&ocirc;ng thon gọn, v&ograve;ng 1 khi&ecirc;m tốn v&agrave; v&ograve;ng 3 thiếu gợi cảm th&igrave; sẽ biến mất trong chiếc đầm su&ocirc;ng v&agrave; n&oacute; dồn tất cả sự ch&uacute; &yacute; v&agrave;o khu&ocirc;n mặt v&agrave; đ&ocirc;i ch&acirc;n thon của người mặc. Sự k&iacute;n đ&aacute;o, mềm mại, nữ t&iacute;nh v&agrave; ph&ugrave; hợp với mọi d&aacute;ng người l&agrave; lợi &iacute;ch của v&aacute;y su&ocirc;ng đem lại cho bạn.<br />\r\nVới chất liệu bố H&agrave;n Quốc cực đẹp c&agrave;ng gi&uacute;p cho form d&aacute;ng sản phẩm c&agrave;ng chuẩn, với tay &aacute;o ph&aacute; c&aacute;ch hiện đại trẻ trung tạo cho người mặc cảm gi&aacute;c thoải m&aacute;i, tươi mới v&agrave; dịu d&agrave;ng hơn với nơ xinh đ&iacute;nh cổ.</p>\r\n', '1543545831MS48M3821.jpg', '1543545831MS48M38212.jpg', '1543545831MS48M38213.jpg', '1543545831MS48M38214.jpg', 1, 1450000, 3, 0),
(19, 10, 1, 'Áo Sơ Mi MS 58E1464', '<p>&Aacute;o sơ mi nam l&agrave; một sản phẩm handmade được sản xuất bởi fashion2.com</p>\r\n', '<p>&Aacute;o sơ mi&nbsp;nam l&agrave; một sản phẩm handmade được sản xuất bởi Nangcumeo.com. Với form &aacute;o d&agrave;nh ri&ecirc;ng cho ph&aacute;i nam, &aacute;o thun nam gi&uacute;p bạn thoải m&aacute;i v&agrave; cảm thấy trẻ trung, năng động trong cuộc sống. Chiếc &aacute;o c&ograve;n gi&uacute;p bạn thể hiện c&aacute; t&iacute;nh của m&igrave;nh qua thiết kế in ấn. &Aacute;o được in 2 mặt trước v&agrave; sau. Bảo h&agrave;nh 01 năm cho c&aacute;c trường hợp bong tr&oacute;c hay bạc m&agrave;u khi sử dụng.</p>\r\n', '1543314311aosomi-1.jpg', '154354550358E14642.jpg', '154354550358E14643.jpg', '154354550358E14644.jpg', 1, 650000, 2, 0),
(20, 10, 1, 'Áo thun MS 16E1386', '<p>&Aacute;o thun nam l&agrave; một sản phẩm handmade được sản xuất bởi fashion2.com</p>\r\n', '<p>&Aacute;o thun nam l&agrave; một sản phẩm handmade được sản xuất bởi fashion2.com. Với form &aacute;o d&agrave;nh ri&ecirc;ng cho ph&aacute;i nam, &aacute;o thun nam gi&uacute;p bạn thoải m&aacute;i v&agrave; cảm thấy trẻ trung, năng động trong cuộc sống. Chiếc &aacute;o c&ograve;n gi&uacute;p bạn thể hiện c&aacute; t&iacute;nh của m&igrave;nh qua thiết kế in ấn. &Aacute;o được in 2 mặt trước v&agrave; sau. Bảo h&agrave;nh 01 năm cho c&aacute;c trường hợp bong tr&oacute;c hay bạc m&agrave;u khi sử dụng.<br />\r\n&nbsp;</p>\r\n', '1540784444aothun-1.jpg', '154354542916E13862.JPG', '154354542916E13863.JPG', '154354542916E13864.JPG', 1, 850000, 2, 1),
(21, 10, 1, 'ÁO SƠ MI MS 17E1431', '<p>&Aacute;o sơ mi&nbsp;nam l&agrave; một sản phẩm handmade được sản xuất bởi fashion2.com</p>\r\n', '<p>&Aacute;o thun nam l&agrave; một sản phẩm handmade được sản xuất bởi fashion2.com. Với form &aacute;o d&agrave;nh ri&ecirc;ng cho ph&aacute;i nam, &aacute;o thun nam gi&uacute;p bạn thoải m&aacute;i v&agrave; cảm thấy trẻ trung, năng động trong cuộc sống. Chiếc &aacute;o c&ograve;n gi&uacute;p bạn thể hiện c&aacute; t&iacute;nh của m&igrave;nh qua thiết kế in ấn. &Aacute;o được in 2 mặt trước v&agrave; sau. Bảo h&agrave;nh 01 năm cho c&aacute;c trường hợp bong tr&oacute;c hay bạc m&agrave;u khi sử dụng.</p>\r\n', '1540784650aosomi-2.jpg', '154354534217E14312.JPG', '154354534217E14313.JPG', '154354534217E14314.JPG', 1, 990000, 1, 0),
(22, 10, 1, 'ÁO VEST MS 67E1601123', '<p>&Aacute;o vest&nbsp;nam l&agrave; một sản phẩm&nbsp;được sản xuất bởi fashion2.com</p>\r\n', '<p>&Aacute;o thun nam l&agrave; một sản phẩm&nbsp;được sản xuất bởi fashion2.com. Với form &aacute;o d&agrave;nh ri&ecirc;ng cho ph&aacute;i nam, &aacute;o thun nam gi&uacute;p bạn thoải m&aacute;i v&agrave; cảm thấy trẻ trung, năng động trong cuộc sống. Chiếc &aacute;o c&ograve;n gi&uacute;p bạn thể hiện c&aacute; t&iacute;nh của m&igrave;nh qua thiết kế in ấn. &Aacute;o được in 2 mặt trước v&agrave; sau. Bảo h&agrave;nh 01 năm cho c&aacute;c trường hợp bong tr&oacute;c hay bạc m&agrave;u khi sử dụng.</p>\r\n', '1540784808aovest-1.jpg', '154354524167E16011232.JPG', '154354524167E16011233.JPG', '154354524167E16011234.JPG', 1, 2590000, 1, 1),
(25, 10, 1, 'Áo Vest Nam 8OT17W024', '<p>&Aacute;o blazer nam phom d&aacute;ng &ocirc;m vừa vặn với cơ thể, đứng d&aacute;ng t&ocirc;n l&ecirc;n đường n&eacute;t nam t&iacute;nh</p>\r\n', '<p>Thiết kế cổ điển với cổ 2 ve, 2 khuy c&agrave;i th&acirc;n trước, t&uacute;i c&oacute; nắp hai b&ecirc;n, t&uacute;i &aacute;o ngực.</p>\r\n\r\n<p>Sản phẩm c&oacute; độ co gi&atilde;n nhẹ nh&agrave;ng, đảm bảo cử động h&agrave;ng ng&agrave;y thoải m&aacute;i</p>\r\n', '15433146108OT17W024.jpg', '15435451138OT17W0242.jpg', '15435451138OT17W0243.jpg', '15435451138OT17W0244.jpg', 0, 699500, 1, 1),
(26, 10, 1, ' Áo Sơ Mi Nam Dài Tay 8TH18A012', '<p>&Aacute;o sơ mi nam d&aacute;ng slimfit &ocirc;m vừa vặn với cơ thể, cổ Đức, tay d&agrave;i<br />\r\nChất liệu mềm mại, thấm mồ h&ocirc;i tốt, co gi&atilde;n thoải m&aacute;i.</p>\r\n', '<p>94% cotton 6% spandex<br />\r\nKh&ocirc;ng sử dụng h&oacute;a chất tẩy<br />\r\nSấy kh&ocirc; nhẹ nh&agrave;ng, l&agrave; ở nhiệt độ trung b&igrave;nh 150 độ C<br />\r\nGiặt với sản phẩm c&ugrave;ng m&agrave;u</p>\r\n', '15433147728TH18A012.jpg', '15435449808TH18A0122.jpg', '15435449818TH18A0123.jpg', '15435449818TH18A0124.jpg', 1, 599000, 2, 0),
(27, 10, 1, 'Áo Sơ Mi Nam 8TH18S002', '<p>&Aacute;o sơ mi nam ngắn tay thuộc d&ograve;ng Casual<br />\r\nThiết kế cổ đức, phom d&aacute;ng rộng r&atilde;i mang đến sự thoải m&aacute;i nhất cho người mặc<br />\r\nChất liệu nhẹ nh&agrave;ng, mềm mại, tho&aacute;ng kh&iacute; kh&ocirc;ng g&acirc;y b&iacute; b&aacute;ch<br />\r\nTh&ocirc;ng tin người mẫu: 1m82 &amp; 72kg &ndash; Size quần 31, size &aacute;o: M<br />\r\n&nbsp;</p>\r\n', '<p>96% Cotton, 4% Lycra<br />\r\nHDSD</p>\r\n\r\n<ul>\r\n	<li>Giặt m&aacute;y ở chế độ nhẹ nh&agrave;ng, nhiệt độ th&ocirc;ng thường</li>\r\n	<li>Sấy kh&ocirc; ở nhiệt độ thấp 110&deg;, l&agrave; ở nhiệt độ trung b&igrave;nh 150&deg;</li>\r\n	<li>Giặt với sản phẩm c&ugrave;ng m&agrave;u</li>\r\n</ul>\r\n', '15433149948TH18S002.jpg', '15435448948TH18S0022.jpg', '15435448948TH18S0023.jpg', '15435448948TH18S0024.jpg', 0, 549000, 3, 0),
(28, 10, 1, 'Áo Sơ Mi Nam 8TH18S006', '<ul>\r\n	<li><a href=\"https://canifa.com/nam/danh-muc-san-pham/ao-so-mi/ao-so-mi-ngan-tay.html\" target=\"_blank\">&Aacute;o sơ mi nam ngắn tay</a>&nbsp;họa tiết kẻ caro thuộc d&ograve;ng Casual</li>\r\n	<li>Thiết kế phom d&aacute;ng &ocirc;m vừa vặn mang đến vẻ ngo&agrave;i lich thiệp, sang trọng</li>\r\n	<li>Chất liệu 100% Cotton USA với đặc t&iacute;nh: mềm mại, thấm h&uacute;t mồ h&ocirc;i tốt gi&uacute;p người mặc lu&ocirc;n cảm thấy m&aacute;t mẻ, thoải m&aacute;i.</li>\r\n	<li>Chất liệu &iacute;t co ng&oacute;t, bền bỉ theo năm th&aacute;ng</li>\r\n	<li>Vải c&oacute; nguồn gốc l&agrave; Cotton US, được kiểm so&aacute;t bởi hiệp hội b&ocirc;ng US uy t&iacute;n, đặc biệt khả năng truy xuất nguồn gốc đ&aacute;ng tin cậy nhất trong c&aacute;c loại b&ocirc;ng.</li>\r\n	<li>Đặc biệt, sản phẩm c&oacute; t&iacute;nh năng QuickDry gi&uacute;p tạo ra loại vải mỏng, nhẹ c&oacute; khả năng kh&ocirc; nhanh hơn c&aacute;c loại vải th&ocirc;ng thường.</li>\r\n	<li>Th&ocirc;ng tin người mẫu: 1m82 &amp; 72kg &ndash; Quần size 31 hoặc L v&agrave; &aacute;o size M</li>\r\n</ul>\r\n', '<p>100% Cotton US<br />\r\nHDSD</p>\r\n\r\n<ul>\r\n	<li>Giặt m&aacute;y ở chế độ nhẹ nh&agrave;ng, nhiệt độ th&ocirc;ng thường</li>\r\n	<li>Sấy kh&ocirc; ở nhiệt độ thấp 110&deg;, l&agrave; ở nhiệt độ trung b&igrave;nh 150&deg;</li>\r\n	<li>Giặt với sản phẩm c&ugrave;ng m&agrave;u</li>\r\n</ul>\r\n', '15433151048TH18S006.jpg', '15435448248TH18S007.jpg', '15435448248TH18S0073.jpg', '15435448248TH18S0074.jpg', 0, 549000, 2, 0),
(29, 10, 1, 'Áo Sơ Mi Nam 8TH18S007', '<ul>\r\n	<li><a href=\"https://canifa.com/nam/danh-muc-san-pham/ao-so-mi/ao-so-mi-ngan-tay.html\" target=\"_blank\">&Aacute;o sơ mi nam ngắn tay</a>&nbsp;họa tiết kẻ caro thuộc d&ograve;ng Casual</li>\r\n	<li>Thiết kế phom d&aacute;ng &ocirc;m vừa vặn mang đến vẻ ngo&agrave;i lich thiệp, sang trọng</li>\r\n	<li>Chất liệu 100% Cotton USA với đặc t&iacute;nh: mềm mại, thấm h&uacute;t mồ h&ocirc;i tốt gi&uacute;p người mặc lu&ocirc;n cảm thấy m&aacute;t mẻ, thoải m&aacute;i.</li>\r\n	<li>Chất liệu &iacute;t co ng&oacute;t, bền bỉ theo năm th&aacute;ng</li>\r\n	<li>Vải c&oacute; nguồn gốc l&agrave; Cotton US, được kiểm so&aacute;t bởi hiệp hội b&ocirc;ng US uy t&iacute;n, đặc biệt khả năng truy xuất nguồn gốc đ&aacute;ng tin cậy nhất trong c&aacute;c loại b&ocirc;ng.</li>\r\n	<li>Đặc biệt, sản phẩm c&oacute; t&iacute;nh năng QuickDry gi&uacute;p tạo ra loại vải mỏng, nhẹ c&oacute; khả năng kh&ocirc; nhanh hơn c&aacute;c loại vải th&ocirc;ng thường.</li>\r\n	<li>Th&ocirc;ng tin người mẫu: 1m82 &amp; 72kg &ndash; Quần size 31 hoặc L v&agrave; &aacute;o size M</li>\r\n</ul>\r\n', '<p>100% Cotton US<br />\r\nHDSD</p>\r\n\r\n<ul>\r\n	<li>Giặt m&aacute;y ở chế độ nhẹ nh&agrave;ng, nhiệt độ th&ocirc;ng thường</li>\r\n	<li>Sấy kh&ocirc; ở nhiệt độ thấp 110&deg;, l&agrave; ở nhiệt độ trung b&igrave;nh 150&deg;</li>\r\n	<li>Giặt với sản phẩm c&ugrave;ng m&agrave;u</li>\r\n</ul>\r\n', '15433152968TH18S007.jpg', '15435448068TH18S0072.jpg', '15435448078TH18S0073.jpg', '15435448078TH18S0074.jpg', 0, 555000, 2, 1),
(30, 10, 1, 'Áo Phông Nam Dài Tay 8TL18C007', '<p>D&aacute;ng thường (regular)<br />\r\nCổ tr&ograve;n, tay d&agrave;i</p>\r\n', '<p>64% Polyester 34%cotton 2% spandex<br />\r\nGiặt m&aacute;y nhẹ nh&agrave;ng, ở nhiệt độ thường<br />\r\nKh&ocirc;ng sử dụng h&oacute;a chất tẩy&nbsp;<br />\r\nSấy kh&ocirc; nhẹ nh&agrave;ng, l&agrave; ở nhiệt độ trung b&igrave;nh 150 độ C&nbsp;<br />\r\nGiặt với sản phẩm c&ugrave;ng m&agrave;u</p>\r\n', '15433154528TL18C007.jpg', '15435447218TL18C0072.jpg', '15435447218TL18C0073.jpg', '15435447218TL18C0074.jpg', 0, 399000, 2, 0),
(31, 10, 1, 'Áo Phông Nam Ngắn Tay 8TS18S010', '<ul>\r\n	<li><a href=\"https://canifa.com/nam/ao-phong/ngan-tay.html\" target=\"_blank\">&Aacute;o thun nam ngắn tay</a>&nbsp;cổ tr&ograve;n, in h&igrave;nh nằm trong bộ sưu tập Disney Avenger</li>\r\n	<li>Phom d&aacute;ng Regular thoải m&aacute;i</li>\r\n	<li>Chất liệu Cotton USA với đặc t&iacute;nh: mềm mại, thấm h&uacute;t mồ h&ocirc;i tốt gi&uacute;p người mặc lu&ocirc;n cảm thấy m&aacute;t mẻ, thoải m&aacute;i.</li>\r\n	<li>Chất liệu &iacute;t co ng&oacute;t, bền bỉ theo năm th&aacute;ng</li>\r\n	<li>Vải c&oacute; nguồn gốc l&agrave; Cotton US, được kiểm so&aacute;t bởi hiệp hội b&ocirc;ng US uy t&iacute;n, đặc biệt khả năng truy xuất nguồn gốc đ&aacute;ng tin cậy nhất trong c&aacute;c loại b&ocirc;ng</li>\r\n	<li>Th&ocirc;ng tin người mẫu: 1m82 &amp; 72kg &ndash; Size quần 31, size &aacute;o: M</li>\r\n</ul>\r\n', '<p>100% Cotton USA<br />\r\nHDSD</p>\r\n\r\n<ul>\r\n	<li>Giặt m&aacute;y ở chế độ nhẹ nh&agrave;ng, nhiệt độ th&ocirc;ng thường</li>\r\n	<li>Sấy kh&ocirc; ở nhiệt độ thấp 110&deg;, l&agrave; ở nhiệt độ trung b&igrave;nh 150&deg;</li>\r\n</ul>\r\n', '15433155628TS18S010.jpg', '15435445678TS18S0102.jpg', '15435445678TS18S0103.jpg', '15435445678TS18S0104.jpg', 1, 249000, 2, 0),
(32, 10, 1, 'Áo Phông Nam 8TS18S003', '<ul>\r\n	<li><a href=\"https://canifa.com/nam/ao-phong/ngan-tay.html\" target=\"_blank\">&Aacute;o thun nam ngắn tay</a>&nbsp;cổ tr&ograve;n, in h&igrave;nh</li>\r\n	<li>Phom d&aacute;ng Regular thoải m&aacute;i</li>\r\n	<li>Chất liệu Cotton USA với đặc t&iacute;nh: mềm mại, thấm h&uacute;t mồ h&ocirc;i tốt gi&uacute;p người mặc lu&ocirc;n cảm thấy m&aacute;t mẻ, thoải m&aacute;i.</li>\r\n	<li>Chất liệu &iacute;t co ng&oacute;t, bền bỉ theo năm th&aacute;ng</li>\r\n	<li>Vải c&oacute; nguồn gốc l&agrave; Cotton US, được kiểm so&aacute;t bởi hiệp hội b&ocirc;ng US uy t&iacute;n, đặc biệt khả năng truy xuất nguồn gốc đ&aacute;ng tin cậy nhất trong c&aacute;c loại b&ocirc;ng</li>\r\n	<li>Th&ocirc;ng tin người mẫu: 1m82 &amp; 72kg &ndash; Size quần 31, size &aacute;o: M</li>\r\n</ul>\r\n', '<p>100% Cotton USA<br />\r\nHDSD</p>\r\n\r\n<ul>\r\n	<li>Giặt m&aacute;y ở chế độ nhẹ nh&agrave;ng, nhiệt độ th&ocirc;ng thường</li>\r\n	<li>Sấy kh&ocirc; ở nhiệt độ thấp 110&deg;, l&agrave; ở nhiệt độ trung b&igrave;nh 150&deg;</li>\r\n</ul>\r\n', '15433156718TS18S003.jpg', '15435444641.jpg', '15435444642.jpg', '15435444643.jpg', 1, 249000, 2, 1),
(33, 10, 1, 'Áo Phông Nam 8TP18A005', '<p><a href=\"https://canifa.com/nam/danh-muc-san-pham/ao-phong.html\" target=\"_blank\">&Aacute;o thun nam</a>&nbsp;ngắn tay thuộc d&ograve;ng Casual<br />\r\nThiết kế cổ polo, in h&igrave;nh, d&aacute;ng regular-fit<br />\r\nChất liệu Cotton USA với đặc t&iacute;nh: mềm mại, thấm h&uacute;t mồ h&ocirc;i tốt gi&uacute;p người mặc lu&ocirc;n cảm thấy m&aacute;t mẻ, thoải m&aacute;i.<br />\r\nChất liệu &iacute;t co ng&oacute;t, bền bỉ theo năm th&aacute;ng<br />\r\nVải c&oacute; nguồn gốc l&agrave; Cotton US, được kiểm so&aacute;t bởi hiệp hội b&ocirc;ng US uy t&iacute;n, đặc biệt khả năng truy xuất nguồn gốc đ&aacute;ng tin cậy nhất trong c&aacute;c loại b&ocirc;ng<br />\r\nTh&ocirc;ng tin số đo người mẫu: 1m83 - nặng 75 kg, &aacute;o size L, quần Size M</p>\r\n', '<p>100% Cotton USA<br />\r\nĐể sản phẩm nơi kh&ocirc; r&aacute;o<br />\r\nTr&aacute;nh tiếp x&uacute;c trực tiếp với &aacute;nh nắng mặt trời v&agrave; nhiệt độ cao<br />\r\nTr&aacute;nh để bề mặt sản phẩm tiếp x&uacute;c với c&aacute;c vật sắc nhọn</p>\r\n', '15433157588TP18A005.jpg', '15435443438TP18A0062.jpg', '15435443438TP18A0063.jpg', '15435443438TP18A006.jpg', 1, 249000, 1, 0),
(34, 10, 1, 'Áo Phông Nam 8TP18A006', '<p><a href=\"https://canifa.com/nam/danh-muc-san-pham/ao-phong.html\" target=\"_blank\">&Aacute;o thun nam</a>&nbsp;ngắn tay thuộc d&ograve;ng Casual<br />\r\nThiết kế cổ polo, in h&igrave;nh, d&aacute;ng regular-fit<br />\r\nChất liệu Cotton USA với đặc t&iacute;nh: mềm mại, thấm h&uacute;t mồ h&ocirc;i tốt gi&uacute;p người mặc lu&ocirc;n cảm thấy m&aacute;t mẻ, thoải m&aacute;i.<br />\r\nChất liệu &iacute;t co ng&oacute;t, bền bỉ theo năm th&aacute;ng<br />\r\nVải c&oacute; nguồn gốc l&agrave; Cotton US, được kiểm so&aacute;t bởi hiệp hội b&ocirc;ng US uy t&iacute;n, đặc biệt khả năng truy xuất nguồn gốc đ&aacute;ng tin cậy nhất trong c&aacute;c loại b&ocirc;ng</p>\r\n', '<p>100% Cotton USA<br />\r\nĐể sản phẩm nơi kh&ocirc; r&aacute;o<br />\r\nTr&aacute;nh tiếp x&uacute;c trực tiếp với &aacute;nh nắng mặt trời v&agrave; nhiệt độ cao<br />\r\nTr&aacute;nh để bề mặt sản phẩm tiếp x&uacute;c với c&aacute;c vật sắc nhọn</p>\r\n', '15433158448TP18A006.jpg', '15435443198TP18A0062.jpg', '15435443208TP18A0063.jpg', '15435443208TP18A0064.jpg', 0, 249000, 1, 0),
(35, 10, 1, 'Áo Phông Nam 8TP18A009', '<p>D&aacute;ng thường (regular)<br />\r\nCổ tr&ograve;n, tay cộc</p>\r\n', '<p>67% cotton 33% polyester drytech<br />\r\nGiặt m&aacute;y nhẹ nh&agrave;ng, ở nhiệt độ thường<br />\r\nKh&ocirc;ng sử dụng h&oacute;a chất tẩy<br />\r\nSấy kh&ocirc; nhẹ nh&agrave;ng, l&agrave; ở nhiệt độ trung b&igrave;nh 150 độ C<br />\r\nGiặt với sản phẩm c&ugrave;ng m&agrave;u</p>\r\n', '15433159248TP18A009.jpg', '15435442448TP18A0092.jpg', '15435442448TP18A0093.jpg', '15435442448TP18A0094.jpg', 1, 349000, 3, 1),
(36, 10, 1, 'Áo Phông Nam 8TP18A010', '<p>&Aacute;o polo nam dệt kiểu Lacoster<br />\r\n&Aacute;o d&aacute;ng regular, tay cộc<br />\r\nChất liệu mềm mại, co gi&atilde;n, thấm h&uacute;t mồ h&ocirc;i tốt, &iacute;t co ng&oacute;t, bền bỉ theo năm th&aacute;ng<br />\r\nVải c&oacute; nguồn gốc l&agrave; Cotton US, được kiểm so&aacute;t bởi hiệp hội b&ocirc;ng US uy t&iacute;n, đặc biệt khả năng truy xuất nguồn gốc đ&aacute;ng tin cậy nhất trong c&aacute;c loại b&ocirc;ng.</p>\r\n', '<p>95% cotton 5% spandex<br />\r\nKh&ocirc;ng sử dụng h&oacute;a chất tẩy<br />\r\nSấy kh&ocirc; nhẹ nh&agrave;ng, l&agrave; ở nhiệt độ trung b&igrave;nh 150 độ C<br />\r\nGiặt với sản phẩm c&ugrave;ng m&agrave;u</p>\r\n', '15433159898TP18A010.jpg', '15435441748TP18A0102.jpg', '15435441748TP18A0103.jpg', '15435441748TP18A0104.jpg', 0, 349000, 2, 1),
(37, 13, 1, 'Quần Kaki Nam 8BK18A003', '<ul>\r\n	<li>Quần kaki nam d&aacute;ng &ocirc;m thuộc d&ograve;ng Casual</li>\r\n	<li>Chất liệu d&agrave;y dặn, đứng phom, co gi&atilde;n nhẹ</li>\r\n	<li>Form quần &ocirc;m, ống đứng, kiểu t&uacute;i ch&eacute;o dọc sang trọng</li>\r\n</ul>\r\n', '<p>100% Cotton<br />\r\nHDSD</p>\r\n\r\n<ul>\r\n	<li>Giặt m&aacute;y ở chế độ nhẹ nh&agrave;ng, nhiệt độ th&ocirc;ng thường</li>\r\n	<li>Sấy kh&ocirc; ở nhiệt độ thấp 110&deg;, l&agrave; ở nhiệt độ trung b&igrave;nh 150&deg;</li>\r\n	<li>Giặt với sản phẩm c&ugrave;ng m&agrave;u</li>\r\n</ul>\r\n', '15433170538BK18A003.jpg', '15435439868BK18A0032.jpg', '15435439868BK18A002.jpg', '15435439868BK17A003-SA197-28.jpg', 0, 384300, 1, 1),
(38, 13, 1, 'Quần Kaki Nam 8BK18A002', '<ul>\r\n	<li>Quần kaki nam d&aacute;ng &ocirc;m thuộc d&ograve;ng Casual</li>\r\n	<li>Chất liệu d&agrave;y dặn, đứng phom, co gi&atilde;n nhẹ</li>\r\n	<li>Form quần &ocirc;m, ống đứng, kiểu t&uacute;i ch&eacute;o dọc sang trọng</li>\r\n	<li>Th&ocirc;ng tin người mẫu: 1m82 &amp; 72kg &ndash; Size quần 31, size &aacute;o: M</li>\r\n</ul>\r\n', '<p>100% Cotton<br />\r\nHDSD</p>\r\n\r\n<ul>\r\n	<li>Giặt m&aacute;y ở chế độ nhẹ nh&agrave;ng, nhiệt độ th&ocirc;ng thường</li>\r\n	<li>Sấy kh&ocirc; ở nhiệt độ thấp 110&deg;, l&agrave; ở nhiệt độ trung b&igrave;nh 150&deg;</li>\r\n	<li>Giặt với sản phẩm c&ugrave;ng m&agrave;u</li>\r\n</ul>\r\n', '15433171618BK18A002.jpg', '15435439338BK18A0022.jpg', '15435439338BK18A0023.jpg', '15435439338BK18A0024.jpg', 1, 384300, 1, 1),
(39, 13, 1, 'Quần Kaki Nam 8BK18A004', '<ul>\r\n	<li>Quần kaki nam d&aacute;ng &ocirc;m thuộc d&ograve;ng Casual</li>\r\n	<li>Chất liệu d&agrave;y dặn, đứng phom, co gi&atilde;n nhẹ</li>\r\n	<li>Form quần &ocirc;m, ống đứng, kiểu t&uacute;i ch&eacute;o dọc sang trọng</li>\r\n	<li>Th&ocirc;ng tin người mẫu: 1m82 &amp; 72kg &ndash; Size quần 31, size &aacute;o: M</li>\r\n</ul>\r\n', '<p>100% Cotton<br />\r\nHDSD</p>\r\n\r\n<ul>\r\n	<li>Giặt m&aacute;y ở chế độ nhẹ nh&agrave;ng, nhiệt độ th&ocirc;ng thường</li>\r\n	<li>Sấy kh&ocirc; ở nhiệt độ thấp 110&deg;, l&agrave; ở nhiệt độ trung b&igrave;nh 150&deg;</li>\r\n	<li>Giặt với sản phẩm c&ugrave;ng m&agrave;u</li>\r\n</ul>\r\n', '15433172778BK18A004.jpg', '15435438428BK18A0042.jpg', '15435438428BK18A0043.jpg', '15435438428BK18A0044.jpg', 1, 349300, 1, 1),
(40, 13, 1, 'Quần Kaki Nam 8BK18A005', '<ul>\r\n	<li>Quần kaki nam d&aacute;ng &ocirc;m thuộc d&ograve;ng Casual</li>\r\n	<li>Chất liệu d&agrave;y dặn, đứng phom, co gi&atilde;n nhẹ</li>\r\n	<li>Form quần &ocirc;m, ống đứng, kiểu t&uacute;i ch&eacute;o dọc sang trọng</li>\r\n</ul>\r\n', '<p>100% Cotton<br />\r\nHDSD</p>\r\n\r\n<ul>\r\n	<li>Giặt m&aacute;y ở chế độ nhẹ nh&agrave;ng, nhiệt độ th&ocirc;ng thường</li>\r\n	<li>Sấy kh&ocirc; ở nhiệt độ thấp 110&deg;, l&agrave; ở nhiệt độ trung b&igrave;nh 150&deg;</li>\r\n	<li>Giặt với sản phẩm c&ugrave;ng m&agrave;u</li>\r\n</ul>\r\n', '15433173618BK18A005.jpg', '15435437688BK17A003-SA197-283.jpg', '15435437688BK17A003-SA197-284.jpg', '15435437688BK18A005.jpg', 1, 269000, 1, 0),
(41, 13, 1, 'Quần Kaki Nam 8BK17A003-SA197-28', '<ul>\r\n	<li>Quần kaki nam d&aacute;ng &ocirc;m thuộc d&ograve;ng Casual</li>\r\n	<li>Chất liệu d&agrave;y dặn, đứng phom, co gi&atilde;n nhẹ</li>\r\n	<li>Form quần &ocirc;m, ống đứng, kiểu t&uacute;i ch&eacute;o dọc sang trọng</li>\r\n</ul>\r\n', '<p>100% Cotton<br />\r\nHDSD</p>\r\n\r\n<ul>\r\n	<li>Giặt m&aacute;y ở chế độ nhẹ nh&agrave;ng, nhiệt độ th&ocirc;ng thường</li>\r\n	<li>Sấy kh&ocirc; ở nhiệt độ thấp 110&deg;, l&agrave; ở nhiệt độ trung b&igrave;nh 150&deg;</li>\r\n	<li>Giặt với sản phẩm c&ugrave;ng m&agrave;u</li>\r\n</ul>\r\n', '15433174678BK17A003-SA197-28.jpg', '15435436388BK17A003-SA197-282.jpg', '15435436388BK17A003-SA197-283.jpg', '15435436388BK17A003-SA197-284.jpg', 1, 274500, 1, 1),
(42, 13, 1, 'Quần Kaki Nam 8BK18A001', '<ul>\r\n	<li>Quần kaki nam d&aacute;ng &ocirc;m thuộc d&ograve;ng Casual</li>\r\n	<li>Chất liệu d&agrave;y dặn, đứng phom, co gi&atilde;n nhẹ</li>\r\n	<li>Form quần &ocirc;m, ống đứng, kiểu t&uacute;i ch&eacute;o dọc sang trọng</li>\r\n</ul>\r\n', '<p>100% Cotton<br />\r\nHDSD</p>\r\n\r\n<ul>\r\n	<li>Giặt m&aacute;y ở chế độ nhẹ nh&agrave;ng, nhiệt độ th&ocirc;ng thường</li>\r\n	<li>Sấy kh&ocirc; ở nhiệt độ thấp 110&deg;, l&agrave; ở nhiệt độ trung b&igrave;nh 150&deg;</li>\r\n	<li>Giặt với sản phẩm c&ugrave;ng m&agrave;u</li>\r\n</ul>\r\n', '15433176138BK18A001.jpg', '15435435218BJ18A006.jpg', '15435435218BJ18A0062.jpg', '15435435218BJ18A0063.jpg', 1, 549000, 3, 0),
(43, 13, 1, 'Quần Jean 8BJ18C003', '<ul>\r\n	<li><a href=\"https://canifa.com/nam/danh-muc-san-pham/quan-jeans.html\" target=\"_blank\">Quần jean nam</a>&nbsp;d&aacute;ng skinny, m&agrave;i bạc nằm trong bộ sưu tập Wandering</li>\r\n	<li>Thiết kế đơn giản với chi tiết chữ th&ecirc;u tạo sự trẻ trung năng động cho người mặc</li>\r\n	<li>Sản phẩm dễ d&agrave;ng phối với bất kỳ kiểu &aacute;o</li>\r\n	<li>Chất liệu 100% Cotton US mềm mại, co gi&atilde;n, kết hợp với đặc t&iacute;nh cotton thấm h&uacute;t mồ h&ocirc;i tốt, th&iacute;ch hợp mặc trong những ng&agrave;y h&egrave; n&oacute;ng nực</li>\r\n	<li>Vải c&oacute; nguồn gốc l&agrave; Cotton US, được kiểm so&aacute;t bởi hiệp hội b&ocirc;ng US uy t&iacute;n, đặc biệt khả năng truy xuất nguồn gốc đ&aacute;ng tin cậy nhất trong c&aacute;c loại b&ocirc;ng.</li>\r\n</ul>\r\n', '<p>100% Cotton USA<br />\r\nHDSD</p>\r\n\r\n<ul>\r\n	<li>Giặt m&aacute;y ở chế độ nhẹ nh&agrave;ng, nhiệt độ th&ocirc;ng thường</li>\r\n	<li>Sấy kh&ocirc; ở nhiệt độ thấp 110&deg;, l&agrave; ở nhiệt độ trung b&igrave;nh 150&deg;</li>\r\n	<li>Giặt với sản phẩm c&ugrave;ng m&agrave;u</li>\r\n</ul>\r\n', '15433177878BJ18C003.jpg', '15435434948BJ18C0032.jpg', '15435434948BJ17A004.jpg', '15435434948BJ18C005.jpg', 1, 274500, 2, 1),
(44, 13, 1, 'Quần Jean 8BJ17A003', '<p>Quần jeans nam thuộc d&ograve;ng Casual 4 Season. Quần jeans c&oacute; d&aacute;ng regular th&iacute;ch hợp với hầu hết với v&oacute;c d&aacute;ng đ&agrave;n &ocirc;ng Việt. Chất liệu sợi cotton d&agrave;y được giặt m&agrave;i với c&aacute;c gam m&agrave;u indigo cổ điển dễ d&agrave;ng cho bạn phối hợp c&ugrave;ng với c&aacute;c loại &aacute;o T-shirt, sơ mi trẻ trung...&nbsp;</p>\r\n', '<p>99% cotton 1%spandex<br />\r\nGiặt m&aacute;y nhẹ nh&agrave;ng, ở nhiệt độ thường<br />\r\nKh&ocirc;ng sử dụng h&oacute;a chất tẩy&nbsp;<br />\r\nSấy kh&ocirc; nhẹ nh&agrave;ng, l&agrave; ở nhiệt độ trung b&igrave;nh 150 độ C&nbsp;<br />\r\nGiặt với sản phẩm c&ugrave;ng m&agrave;u</p>\r\n', '15433179548BJ17A003.jpg', '15435434628BJ17A004.jpg', '15435434628BJ18C005.jpg', '15435434628BJ18A0062.jpg', 0, 560000, 1, 1),
(45, 13, 1, 'Quần Jean 8BJ17A004', '<p>Quần jean nam phom regular, m&agrave;u xanh denim cơ bản<br />\r\nĐộ co gi&atilde;n nhẹ sẽ gi&uacute;p bạn di chuyển, vận động một c&aacute;ch dễ d&agrave;ng v&agrave; thoải m&aacute;i</p>\r\n', '<p>99% cotton 1%spandex<br />\r\nGiặt m&aacute;y nhẹ nh&agrave;ng, ở nhiệt độ thường<br />\r\nKh&ocirc;ng sử dụng h&oacute;a chất tẩy&nbsp;<br />\r\nSấy kh&ocirc; nhẹ nh&agrave;ng, l&agrave; ở nhiệt độ trung b&igrave;nh 150 độ C&nbsp;<br />\r\nGiặt với sản phẩm c&ugrave;ng m&agrave;u</p>\r\n', '15433180478BJ17A004.jpg', '15435434438BJ18C003.jpg', '15435434438BJ18C005.jpg', '15435434438BJ17A004.jpg', 1, 324000, 2, 1),
(46, 13, 1, 'Quần Jean 8BJ18C005', '<ul>\r\n	<li><a href=\"https://canifa.com/nam/danh-muc-san-pham/quan-jeans.html\" target=\"_blank\">Quần jean nam</a>&nbsp;thuộc d&ograve;ng Casual nằm trong bộ sưu tập Wandering</li>\r\n	<li>Thiết kế r&aacute;ch gấu, phom d&aacute;ng &ocirc;m mang lại vẻ ngo&agrave;i trẻ trung, c&aacute; t&iacute;nh</li>\r\n	<li>Chất liệu cotton USA thấm h&uacute;t mồ h&ocirc;i tốt, đặc biệt kh&ocirc; nhanh hơn vải cotton thường gi&uacute;p người mặc lu&ocirc;n cảm thấy m&aacute;t mẻ, thoải m&aacute;i</li>\r\n	<li>Kiểu dệt Seesucker gi&uacute;p sản phẩm giữ được form d&aacute;ng tốt trong qu&aacute; tr&igrave;nh sử dụng.</li>\r\n	<li>Vải c&oacute; nguồn gốc l&agrave; Cotton US, được kiểm so&aacute;t bởi hiệp hội b&ocirc;ng US uy t&iacute;n, đặc biệt khả năng truy xuất nguồn gốc đ&aacute;ng tin cậy nhất trong c&aacute;c loại b&ocirc;ng</li>\r\n</ul>\r\n', '<p>98.5% Cotton, 1.5% Spandex<br />\r\nHDSD</p>\r\n\r\n<ul>\r\n	<li>Giặt m&aacute;y ở chế độ nhẹ nh&agrave;ng, nhiệt độ th&ocirc;ng thường</li>\r\n	<li>Sấy kh&ocirc; ở nhiệt độ thấp 110&deg;, l&agrave; ở nhiệt độ trung b&igrave;nh 150&deg;</li>\r\n	<li>Giặt với sản phẩm c&ugrave;ng m&agrave;u</li>\r\n</ul>\r\n', '15433181468BJ18C005.jpg', '15435434068BJ18A006.jpg', '15435434068BJ17A003.jpg', '15435434068BJ17A004.jpg', 1, 549000, 3, 0),
(47, 13, 1, 'Quần Jean 8BJ18A006', '<p>Quần jeans nam thuộc d&ograve;ng Casual<br />\r\nThiết kế d&aacute;ng quần &ocirc;m nhẹ, ống quần su&ocirc;ng nhỏ<br />\r\nChi tiết m&agrave;i bạc mặt trước đem lại sự trẻ trung, thời trang v&agrave; c&aacute; t&iacute;nh cho c&aacute;c ch&agrave;ng trai<br />\r\nĐộ co gi&atilde;n nhẹ sẽ gi&uacute;p bạn di chuyển, vận động một c&aacute;ch dễ d&agrave;ng v&agrave; thoải m&aacute;i</p>\r\n', '<p>99% cotton 1% spandex<br />\r\nGiặt m&aacute;y nhẹ nh&agrave;ng, ở nhiệt độ thường<br />\r\nKh&ocirc;ng sử dụng h&oacute;a chất tẩy&nbsp;<br />\r\nSấy kh&ocirc; nhẹ nh&agrave;ng, l&agrave; ở nhiệt độ trung b&igrave;nh 150 độ C&nbsp;<br />\r\nGiặt với sản phẩm c&ugrave;ng m&agrave;u</p>\r\n', '15433182648BJ18A006.jpg', '15435433248BJ18A0062.jpg', '15435433258BJ18A0063.jpg', '15435433258BJ18A0064.jpg', 1, 599000, 2, 1),
(48, 10, 1, 'Áo Khoác Nam 8OT18C022', '<p>&Aacute;o kho&aacute;c nam d&aacute;ng regular, phối m&agrave;u<br />\r\nChất liệu d&agrave;y dặn,ấm &aacute;p v&agrave;o m&ugrave;a đ&ocirc;ng</p>\r\n', '<p>71.6% cotton 28.4%polyester<br />\r\nGiặt m&aacute;y nhẹ nh&agrave;ng, ở nhiệt độ thường<br />\r\nKh&ocirc;ng sử dụng h&oacute;a chất tẩy&nbsp;<br />\r\nSấy kh&ocirc; nhẹ nh&agrave;ng, l&agrave; ở nhiệt độ trung b&igrave;nh 150 độ C&nbsp;<br />\r\nGiặt với sản phẩm c&ugrave;ng m&agrave;u</p>\r\n', '15435593058OT18C022.jpg', '15435593058OT18C023.jpg', '15435593058OT17W008.jpg', '15435593058OT18C023.jpg', 1, 499000, 1, 1),
(49, 10, 1, 'Áo Khoác Nam 8OT18C023', '<p>&Aacute;o kho&aacute;c nam d&aacute;ng regular, phối m&agrave;u<br />\r\nChất liệu d&agrave;y dặn,ấm &aacute;p v&agrave;o m&ugrave;a đ&ocirc;ng</p>\r\n', '<p>71.6% cotton 28.4%polyester<br />\r\nGiặt m&aacute;y nhẹ nh&agrave;ng, ở nhiệt độ thường<br />\r\nKh&ocirc;ng sử dụng h&oacute;a chất tẩy&nbsp;<br />\r\nSấy kh&ocirc; nhẹ nh&agrave;ng, l&agrave; ở nhiệt độ trung b&igrave;nh 150 độ C&nbsp;<br />\r\nGiặt với sản phẩm c&ugrave;ng m&agrave;u</p>\r\n', '15433185608OT18C023.jpg', '15435152718OT18C0232.jpg', '15435152718OT18C0233.jpg', '15435152718OT18C0234.jpg', 1, 499000, 1, 1),
(50, 10, 1, 'Áo Khoác Nam 8OT17W008', '<ul>\r\n	<li>&Aacute;o kho&aacute;c nam cổ đứng k&egrave;m c&uacute;c bấm k&iacute;n gi&oacute;, t&uacute;i hộp, c&oacute; lớp c&uacute;c c&agrave;i &aacute;o b&ecirc;n ngo&agrave;i</li>\r\n	<li>Sản phẩm &iacute;t b&aacute;m bẩn, dễ vệ sinh, kh&ocirc;ng nhăn nh&agrave;u, c&oacute; khả năng cản gi&oacute;</li>\r\n	<li>T&iacute;nh năng chống thấm nước vượt trội l&ecirc;n tới 90% theo ti&ecirc;u chuẩn Mỹ AATCC 2</li>\r\n</ul>\r\n', '<p>100% Polyester<br />\r\nHDSD</p>\r\n\r\n<ul>\r\n	<li>Giặt m&aacute;y ở nhiệt độ thường, kh&ocirc;ng sử dụng h&oacute;a chất tẩy</li>\r\n	<li>Sấy kh&ocirc; nhiệt độ thấp, l&agrave; ở nhiệt độ 150 độ C</li>\r\n	<li>Kh&ocirc;ng được giặt kh&ocirc;</li>\r\n	<li>Giặt với sản phẩm c&ugrave;ng m&agrave;u</li>\r\n</ul>\r\n', '15433192548OT17W008.jpg', '15435152008OT17W0082.jpg', '15435152008OT17W0083.jpg', '15435152008OT17W0084.jpg', 1, 1189000, 2, 0),
(51, 10, 1, 'Áo Khoác Nam 8OT17C014', '<ul>\r\n	<li>&Aacute;o kho&aacute;c nam d&agrave;i tay, in h&igrave;nh, k&eacute;o kh&oacute;a ngực, gấu v&agrave; tay &aacute;o bo chun.</li>\r\n	<li>Sản phẩm nằm trong BST Disney Mickey</li>\r\n</ul>\r\n', '<p>58% Cotton 42% Polyester</p>\r\n', '15433193338OT17C014.jpg', '15435151178OT17C0142.jpg', '15435151178OT17C0143.jpg', '15435151178OT17C0144.jpg', 0, 349000, 2, 1),
(52, 10, 1, 'Áo Khoác Nam 8OT17W011', '<ul>\r\n	<li>&Aacute;o kho&aacute;c nam nỉ c&agrave;o l&ocirc;ng, d&agrave;i tay, k&eacute;o kh&oacute;a ngực, 2 t&uacute;i kh&oacute;a.</li>\r\n	<li>Sản phẩm nằm trong BST Soft &amp; Warm</li>\r\n	<li>Chất liệu nhẹ, mềm mại, ấm &aacute;p.</li>\r\n</ul>\r\n', '<p>100% polyester</p>\r\n', '15433194198OT17W011.jpg', '15435150568OT17W0112.jpg', '15435150568OT17W0113.jpg', '15435150568OT17W0114.jpg', 0, 489000, 1, 1),
(53, 10, 1, 'Áo Khoác Len Nam 8TC18W003', '<p><a href=\"https://canifa.com/nam/danh-muc-san-pham/ao-khoac/ao-khoac-len.html\" target=\"_blank\">&Aacute;o kho&aacute;c len nam</a>&nbsp;dệt nhiều m&agrave;u<br />\r\nThiết kế d&aacute;ng &ocirc;m, kh&oacute;a k&eacute;o, tay v&agrave; gấu bo gọn g&agrave;ng<br />\r\nChất liệu mềm mại, ấm &aacute;p, kh&ocirc;ng g&acirc;y t&iacute;ch điện</p>\r\n', '<p>100% Cotton<br />\r\nGiặt m&aacute;y nhẹ nh&agrave;ng, ở nhiệt độ thường<br />\r\nKh&ocirc;ng sử dụng h&oacute;a chất tẩy&nbsp;<br />\r\nSấy kh&ocirc; nhẹ nh&agrave;ng, l&agrave; ở nhiệt độ trung b&igrave;nh 150 độ C&nbsp;<br />\r\nGiặt với sản phẩm c&ugrave;ng m&agrave;u</p>\r\n', '15433195898TC18W003.jpg', '15435149728TC18W0032.jpg', '15435149728TC18W0033.jpg', '15435149728TC18W0034.jpg', 1, 699000, 3, 0),
(54, 10, 1, 'Áo Khoác Len Nam 8TC18W004', '<p>&Aacute;o kho&aacute;c len nam d&aacute;ng regular<br />\r\nCổ tr&ograve;n, tay d&agrave;i, tay v&agrave; gấu bo<br />\r\nChất liệu thấm h&uacute;t ẩm nhanh, th&iacute;ch nghi tốt trong mọi m&ocirc;i trường, tạo cảm gi&aacute;c thoải m&aacute;i cho người mặc</p>\r\n', '<p>100% sợi cotton<br />\r\nGiặt m&aacute;y ở chế độ nhẹ nh&agrave;ng, nhiệt độ th&ocirc;ng thường<br />\r\nSử dụng h&oacute;a chất tẩy kh&ocirc;ng c&oacute; chất Clo<br />\r\nSấy kh&ocirc; ở nhiệt độ thấp 110&deg;, l&agrave; ở nhiệt độ trung b&igrave;nh 150&deg;<br />\r\nKh&ocirc;ng giặt với sản phẩm c&ugrave;ng m&agrave;u<br />\r\nN&ecirc;n phơi vắt ngang</p>\r\n', '15433196608TC18W004.jpg', '15435149118TC18W0053.jpg', '15435149118TC18W0054.jpg', '15435149118TC18W0052.jpg', 0, 650000, 2, 0),
(55, 10, 1, 'Áo Khoác Len Nam 8TC18W005', '<p>&Aacute;o kho&aacute;c len nam d&aacute;ng regular<br />\r\nCổ tr&ograve;n, tay d&agrave;i, tay v&agrave; gấu bo<br />\r\nChất liệu thấm h&uacute;t ẩm nhanh, th&iacute;ch nghi tốt trong mọi m&ocirc;i trường, tạo cảm gi&aacute;c thoải m&aacute;i cho người mặc</p>\r\n', '<p>100% sợi cotton<br />\r\nGiặt m&aacute;y ở chế độ nhẹ nh&agrave;ng, nhiệt độ th&ocirc;ng thường<br />\r\nSử dụng h&oacute;a chất tẩy kh&ocirc;ng c&oacute; chất Clo<br />\r\nSấy kh&ocirc; ở nhiệt độ thấp 110&deg;, l&agrave; ở nhiệt độ trung b&igrave;nh 150&deg;<br />\r\nKh&ocirc;ng giặt với sản phẩm c&ugrave;ng m&agrave;u<br />\r\nN&ecirc;n phơi vắt ngang</p>\r\n', '15433197368TC18W005.jpg', '15435148838TC18W0052.jpg', '15435148848TC18W0053.jpg', '15435148848TC18W0054.jpg', 1, 799000, 1, 1),
(56, 10, 1, 'Áo Khoác Len Nam 8TC18W002', '<p><a href=\"https://canifa.com/nam/danh-muc-san-pham/ao-khoac/ao-khoac-len.html\" target=\"_blank\">&Aacute;o kho&aacute;c len nam</a>&nbsp;dệt m&agrave;u loang<br />\r\nThiết kế cổ cao, kh&oacute;a k&eacute;o trước, c&oacute; t&uacute;i<br />\r\nChất liệu mềm mại, ấm &aacute;p, kh&ocirc;ng g&acirc;y t&iacute;ch điện</p>\r\n', '<p>100% Acrylic<br />\r\nĐể sản phẩm nơi kh&ocirc; r&aacute;o<br />\r\nTr&aacute;nh tiếp x&uacute;c trực tiếp với &aacute;nh nắng mặt trời v&agrave; nhiệt độ cao<br />\r\nTr&aacute;nh để bề mặt sản phẩm tiếp x&uacute;c với c&aacute;c vật sắc nhọn</p>\r\n', '15433198018TC18W002.jpg', '15435148068TC18W0022.jpg', '15435148068TC18W0023.jpg', '15435148068TC18W0024.jpg', 0, 599000, 2, 1),
(57, 10, 0, 'Áo Sơ Mi Nữ 6TH18C016', '<p>D&aacute;ng th&ocirc;ng thường (regular)<br />\r\nCổ đức, tay d&agrave;i</p>\r\n', '<p>100% cotton 100% Cotton<br />\r\nGiặt m&aacute;y ở nhiệt độ thường<br />\r\nKh&ocirc;ng sử dụng h&oacute;a chất tẩy c&oacute; chứa clo<br />\r\nSấy kh&ocirc; nhẹ nh&agrave;ng ở nhiệt độ thường<br />\r\nL&agrave; ở nhiệt độ trung b&igrave;nh 150 độ C<br />\r\nGiặt với sản phẩm c&ugrave;ng m&agrave;u</p>\r\n', '15433200366TH18C016.jpg', '15435147056TH18C0162.jpg', '15435147056TH18C0163.jpg', '15435147056TH18C0164.jpg', 1, 699000, 2, 1),
(58, 10, 0, 'Áo Sơ Mi Nữ 6TH18C017', '<p>D&aacute;ng th&ocirc;ng thường (regular)<br />\r\nCổ đức, tay d&agrave;i</p>\r\n', '<p>100% cotton 100% Cotton<br />\r\nGiặt m&aacute;y ở nhiệt độ thường<br />\r\nKh&ocirc;ng sử dụng h&oacute;a chất tẩy c&oacute; chứa clo<br />\r\nSấy kh&ocirc; nhẹ nh&agrave;ng ở nhiệt độ thường<br />\r\nL&agrave; ở nhiệt độ trung b&igrave;nh 150 độ C<br />\r\nGiặt với sản phẩm c&ugrave;ng m&agrave;u</p>\r\n', '15433201166TH18C017.jpg', '15435146396TH18C0172.jpg', '15435146396TH18C0173.jpg', '15435146396TH18C0174.jpg', 1, 799000, 1, 0),
(59, 10, 0, 'Áo Sơ Mi Nữ 6TH18C004', '<ul>\r\n	<li>&Aacute;o sơ mi denim nữ thuộc BST Denim Saltwash</li>\r\n	<li>D&aacute;ng &aacute;o regular fit d&agrave;i tay, wash m&agrave;u nhẹ</li>\r\n	<li>Chất liệu 100% cotton dệt v&acirc;n ch&eacute;o thấm mồ h&ocirc;i tốt, tho&aacute;ng m&aacute;t</li>\r\n</ul>\r\n', '<p>100% Cotton<br />\r\nHDSD</p>\r\n\r\n<ul>\r\n	<li>Giặt m&aacute;y ở chế độ nhẹ nh&agrave;ng, nhiệt độ th&ocirc;ng thường</li>\r\n	<li>Sấy kh&ocirc; ở nhiệt độ thấp 110&deg;, l&agrave; ở nhiệt độ trung b&igrave;nh 150&deg;</li>\r\n</ul>\r\n', '15433202056TH18C004.jpg', '15435145786TH18C0042.jpg', '15435145786TH18C0043.jpg', '15435145786TH18C0044.jpg', 0, 499000, 2, 1),
(60, 10, 0, 'Áo Sơ Mi Nữ 6TH18S011', '<ul>\r\n	<li><a href=\"https://canifa.com/nu/ao-so-mi/ao-so-mi-ngan-tay.html\" target=\"_blank\">&Aacute;o sơ mi nữ ngắn tay</a>&nbsp;eo bo chun thuộc d&ograve;ng Work &amp; Play</li>\r\n	<li>Thiết kế cổ đức, c&oacute; t&uacute;i ngực to bản c&aacute; t&iacute;nh, d&aacute;ng regular</li>\r\n	<li>Chất liệu mềm m&aacute;t, bề mặt vải mịn, đứng phom</li>\r\n	<li>Th&ocirc;ng tin người mẫu: 1m73 &amp; 51kg &ndash; Size quần 28 hoặc size M, size &aacute;o M</li>\r\n</ul>\r\n', '<p>75% Modal 25% Polyester<br />\r\nHDSD</p>\r\n\r\n<ul>\r\n	<li>Giặt m&aacute;y ở chế độ nhẹ nh&agrave;ng, nhiệt độ th&ocirc;ng thường</li>\r\n	<li>Sấy kh&ocirc; ở nhiệt độ thấp 110&deg;, l&agrave; ở nhiệt độ trung b&igrave;nh 150&deg;</li>\r\n</ul>\r\n', '15433204156TH18S011.jpg', '15435145116TH18S0112.jpg', '15435145116TH18S0113.jpg', '15435145116TH18S0114.jpg', 0, 549000, 1, 1),
(61, 10, 0, 'Áo Sơ Mi Nữ 6TH18S008', '<ul>\r\n	<li><a href=\"https://canifa.com/nu/danh-muc-san-pham/ao-so-mi.html\" target=\"_blank\">&Aacute;o sơ mi nữ</a>&nbsp;tay lỡ thuộc d&ograve;ng Work &amp; Play</li>\r\n	<li>Thiết kế cổ tr&ograve;n cơ bản dễ d&agrave;ng phối kết hợp c&ugrave;ng nhiều trang phục kh&aacute;c</li>\r\n	<li>Phần tay &aacute;o c&agrave;i khuy ngang th&ecirc;m phần tinh tế, sang trọng</li>\r\n	<li>Chất liệu mềm mại, thấm h&uacute;t mồ h&ocirc;i c&ugrave;ng đặc t&iacute;nh &iacute;t nhăn, nh&agrave;u, khả năng chống nắng cao v&agrave; hạn chế bị nấm mốc</li>\r\n	<li>Th&ocirc;ng tin người mẫu: 1m73 &amp; 51kg &ndash; Size quần 28 hoặc size M, size &aacute;o M</li>\r\n</ul>\r\n', '<p>100% Polyester<br />\r\nHDSD</p>\r\n\r\n<ul>\r\n	<li>Giặt m&aacute;y ở chế độ nhẹ nh&agrave;ng, nhiệt độ th&ocirc;ng thường</li>\r\n	<li>Sấy kh&ocirc; ở nhiệt độ thấp 110&deg;, l&agrave; ở nhiệt độ trung b&igrave;nh 150&deg;</li>\r\n	<li>Giặt với sản phẩm c&ugrave;ng m&agrave;u</li>\r\n</ul>\r\n', '15433205006TH18S008.jpg', '15435144556TH18S0082.jpg', '15435144556TH18S0083.jpg', '15435144556TH18S0084.jpg', 1, 399000, 3, 1),
(62, 10, 0, 'Áo Khoác Nữ 6OT18W003', '<p>&Aacute;o kho&aacute;c nữ c&oacute; mũ một mặt l&ocirc;ng d&aacute;ng regular<br />\r\nGấu v&agrave; tay bo<br />\r\nChất liệu mềm mại, giữ nhiệt tốt, đem lại sự ấm &aacute;p cho người mặc trong m&ugrave;a lạnh</p>\r\n', '<p>38% cotton 58% polyester 4% spandex<br />\r\nGiặt m&aacute;y ở nhiệt độ thường<br />\r\nKh&ocirc;ng sử dụng h&oacute;a chất tẩy c&oacute; chứa Clo<br />\r\nSấy kh&ocirc;, l&agrave; ở nhiệt độ thấp 110 độ C</p>\r\n', '15433296346OT18W003.jpg', '15435143926OT18W0032.jpg', '15435143926OT18W0033.jpg', '15435143926OT18W0034.jpg', 1, 1200000, 1, 0),
(63, 10, 0, 'Áo Khoác Nữ 6OT18C023', '<p>&Aacute;o kho&aacute;c dạ nữ d&aacute;ng regular, c&oacute; chi tiết viền m&agrave;u c&aacute; t&iacute;nh, nổi bật<br />\r\nChất liệu polyester pha wool hạn chế nhăn nh&agrave;u, độ bền cơ l&yacute; cao, giữ nhiệt tốt, ấm &aacute;p về m&ugrave;a đ&ocirc;ng</p>\r\n', '<p>25% wool 75% polyester<br />\r\nGiặt tay ở nhiệt độ thường, kh&ocirc;ng sử dụng chất tẩy<br />\r\nGiặt mặt tr&aacute;i sản phẩm, phơi phẳng trong b&oacute;ng m&aacute;t<br />\r\nKh&ocirc;ng được sấy, l&agrave; ở nhiệt độ 110 độ C<br />\r\nGiặt với sản phẩm c&ugrave;ng m&agrave;u</p>\r\n', '15433297296OT18C023.jpg', '15435143296OT18C0232.jpg', '15435143296OT18C0233.jpg', '15435143296OT18C0234.jpg', 1, 910000, 3, 1),
(64, 10, 0, 'Áo Khoác Gile Nữ 6OT17W004', '<ul>\r\n	<li>&Aacute;o kho&aacute;c gile d&aacute;ng d&agrave;i, cổ giả vest, t&uacute;i ch&igrave;m hai b&ecirc;n, c&oacute; đai buộc eo</li>\r\n	<li>Sản phẩm mặc m&aacute;t v&agrave; nhẹ, bề mặt vải mịn b&oacute;ng, giữ m&agrave;u tốt hơn c&aacute;c loại len kh&aacute;c</li>\r\n	<li>Thiết kế c&oacute; khả năng giữ nhiệt tốt, ấm &aacute;p về m&ugrave;a đ&ocirc;ng</li>\r\n</ul>\r\n', '<p>60% Polyester, 35% Rayon, 5% Spandex<br />\r\nHDSD</p>\r\n\r\n<ul>\r\n	<li>Giặt m&aacute;y ở nhiệt độ thường, kh&ocirc;ng sử dụng h&oacute;a chất tẩy</li>\r\n	<li>Sấy kh&ocirc; nhiệt độ thấp, l&agrave; ở nhiệt độ 110 độ C</li>\r\n	<li>Kh&ocirc;ng được giặt kh&ocirc;</li>\r\n	<li>Giặt với sản phẩm c&ugrave;ng m&agrave;u</li>\r\n</ul>\r\n', '15433298126OT17W004.jpg', '15435142486OT17W0042.jpg', '15435142486OT17W0043.jpg', '15435142486OT17W0044.jpg', 0, 649500, 3, 1),
(65, 11, 0, 'Đầm Nữ DN01', '<p>Những mẫu trang phục dựa tr&ecirc;n bản đ&aacute;nh gi&aacute; thị trường, nghi&ecirc;n cứu xu hướng thời trang thế giới v&agrave; sở th&iacute;ch của kh&aacute;ch h&agrave;ng Việt Nam. Đồng thời, những trang phục của ch&uacute;ng t&ocirc;i lu&ocirc;n được đ&aacute;nh gi&aacute; cao trong việc dự b&aacute;o trước c&aacute;c xu hướng thời trang về gam m&agrave;u, kiểu d&aacute;ng, c&aacute;ch xử l&yacute; chất liệu&hellip; trở th&agrave;nh t&acirc;m điểm của l&agrave;ng thời trang Việt trong mỗi lần tạo dựng Bộ sưu tập mới. Khi bạn đ&atilde; x&aacute;c định được phong c&aacute;ch thời trang cho bản th&acirc;n m&igrave;nh, bạn sẽ dễ d&agrave;ng t&igrave;m được những bộ trang phục đẹp ưng &yacute; nhất. Những bộ quần &aacute;o nam, nữ thời trang v&agrave; s&agrave;nh điệu c&ograve;n gi&uacute;p cho bạn trở n&ecirc;n thật cuốn h&uacute;t v&agrave; nổi bật mỗi khi xuất hiện, d&ugrave; l&agrave; đi đến c&ocirc;ng sở, đi l&agrave;m, đi học hay hẹn h&ograve; hoặc dự những bữa tiệc quan trọng kh&aacute;c.</p>\r\n', '<p><strong>M&agrave;u: </strong>Đen</p>\r\n\r\n<p><strong>Size:</strong> S, M, L</p>\r\n', '1543330649DN01.png', '1543514044DN012.png', '1543514044DN013.png', '1543514044DN014.png', 0, 900000, 3, 1),
(66, 11, 0, 'Đầm Nữ DN02', '<p>Những mẫu trang phục dựa tr&ecirc;n bản đ&aacute;nh gi&aacute; thị trường, nghi&ecirc;n cứu xu hướng thời trang thế giới v&agrave; sở th&iacute;ch của kh&aacute;ch h&agrave;ng Việt Nam. Đồng thời, những trang phục của ch&uacute;ng t&ocirc;i lu&ocirc;n được đ&aacute;nh gi&aacute; cao trong việc dự b&aacute;o trước c&aacute;c xu hướng thời trang về gam m&agrave;u, kiểu d&aacute;ng, c&aacute;ch xử l&yacute; chất liệu&hellip; trở th&agrave;nh t&acirc;m điểm của l&agrave;ng thời trang Việt trong mỗi lần tạo dựng Bộ sưu tập mới. Khi bạn đ&atilde; x&aacute;c định được phong c&aacute;ch thời trang cho bản th&acirc;n m&igrave;nh, bạn sẽ dễ d&agrave;ng t&igrave;m được những bộ trang phục đẹp ưng &yacute; nhất. Những bộ quần &aacute;o nam, nữ thời trang v&agrave; s&agrave;nh điệu c&ograve;n gi&uacute;p cho bạn trở n&ecirc;n thật cuốn h&uacute;t v&agrave; nổi bật mỗi khi xuất hiện, d&ugrave; l&agrave; đi đến c&ocirc;ng sở, đi l&agrave;m, đi học hay hẹn h&ograve; hoặc dự những bữa tiệc quan trọng kh&aacute;c.</p>\r\n', '<p><strong>M&agrave;u: </strong>Hồng</p>\r\n\r\n<p><strong>Size:</strong> S, M, L</p>\r\n', '1543330771DN02.png', '1543513991DN022.png', '1543513991DN042.png', '1543513991DN02.png', 1, 1000000, 2, 0),
(67, 11, 0, 'Đầm Nữ DN03', '<p>Đầm lu&ocirc;n l&agrave; một m&oacute;n đồ thời trang kh&ocirc;ng thể thiếu trong tủ của chị em phụ nữ. Những chiếc đầm đẹp đa m&agrave;u sắc, đa kiểu d&aacute;ng lu&ocirc;n c&oacute; sự hấp dẫn nhất định đối với c&aacute;c n&agrave;ng c&ocirc;ng sở. Sự thu h&uacute;t đ&oacute; kh&ocirc;ng chỉ v&igrave; vẻ đẹp nhẹ nh&agrave;ng, lịch sự m&agrave; hơn nữa ch&iacute;nh l&agrave; sự đơn giản, dễ kết hợp trang phục của những chiếc đầm mang lại.</p>\r\n', '<p><strong>M&agrave;u: </strong>Đỏ</p>\r\n\r\n<p><strong>Size:</strong> S, M, L</p>\r\n', '1543343181DN03.png', '1543513928DN032.png', '1543513928DN033.png', '1543513928DN034.png', 1, 750000, 1, 1),
(76, 11, 0, 'Đầm Nữ DN04', '<p>Đầm lu&ocirc;n l&agrave; một m&oacute;n đồ thời trang kh&ocirc;ng thể thiếu trong tủ của chị em phụ nữ. Những chiếc đầm đẹp đa m&agrave;u sắc, đa kiểu d&aacute;ng lu&ocirc;n c&oacute; sự hấp dẫn nhất định đối với c&aacute;c n&agrave;ng c&ocirc;ng sở. Sự thu h&uacute;t đ&oacute; kh&ocirc;ng chỉ v&igrave; vẻ đẹp nhẹ nh&agrave;ng, lịch sự m&agrave; hơn nữa ch&iacute;nh l&agrave; sự đơn giản, dễ kết hợp trang phục của những chiếc đầm mang lại.</p>\r\n', '<p><strong>M&agrave;u: </strong>Ghi</p>\r\n\r\n<p><strong>Size:</strong> S, M, L</p>\r\n', '1543372586DN04.png', '1543513879DN042.png', '1543513879DN043.png', '1543513879DN04.png', 1, 1200000, 1, 0),
(77, 11, 0, 'Đầm Nữ DN05', '<p>Đầm lu&ocirc;n l&agrave; một m&oacute;n đồ thời trang kh&ocirc;ng thể thiếu trong tủ của chị em phụ nữ. Những chiếc đầm đẹp đa m&agrave;u sắc, đa kiểu d&aacute;ng lu&ocirc;n c&oacute; sự hấp dẫn nhất định đối với phụ nữ. Sự thu h&uacute;t đ&oacute; kh&ocirc;ng chỉ v&igrave; vẻ đẹp nhẹ nh&agrave;ng, lịch sự m&agrave; hơn nữa ch&iacute;nh l&agrave; sự đơn giản, dễ kết hợp trang phục của những chiếc đầm mang lại.</p>\r\n', '<p><strong>M&agrave;u: </strong>Đỏ</p>\r\n\r\n<p><strong>Size:</strong> S, M, L</p>\r\n', '1543372644DN05.png', '1543513749DN052.png', '1543513749DN053.png', '1543513749DN054.png', 0, 890000, 2, 0),
(78, 13, 0, 'Quần Jean Nữ 6BJ18A006', '<p>Quần jeans nữ d&aacute;ng skinny thuộc d&ograve;ng Casual<br />\r\nThiết kế đơn giản với chi tiết m&agrave;i bạc nhẹ tạo sự trẻ trung năng động cho người mặc<br />\r\nChất liệu Cotton mềm mại, co gi&atilde;n, thấm h&uacute;t mồ h&ocirc;i tốt</p>\r\n', '<p>98% cotton 2% spandex<br />\r\nGiặt m&aacute;y nhẹ nh&agrave;ng, ở nhiệt độ thường<br />\r\nKh&ocirc;ng sử dụng h&oacute;a chất tẩy&nbsp;<br />\r\nSấy kh&ocirc; nhẹ nh&agrave;ng, l&agrave; ở nhiệt độ trung b&igrave;nh 150 độ C&nbsp;<br />\r\nGiặt với sản phẩm c&ugrave;ng m&agrave;u</p>\r\n', '15433797576BJ18A006.jpg', '15435136106BJ18A0062.jpg', '15435136106BJ18A0063.jpg', '15435136106BJ18A0064.jpg', 0, 499000, 1, 0),
(79, 13, 0, 'Quần Jean Nữ 6BJ18A008', '<p>Quần jeans nữ d&aacute;ng boyfriend thuộc d&ograve;ng Casual<br />\r\nThiết kế đơn giản với chi tiết m&agrave;i bạc nhẹ tạo sự trẻ trung năng động cho người mặc<br />\r\nChất liệu Cotton US mềm mại, co gi&atilde;n, thấm h&uacute;t mồ h&ocirc;i tốt<br />\r\nChất liệu &iacute;t co ng&oacute;t, bền bỉ theo năm th&aacute;ng</p>\r\n\r\n<ul>\r\n	<li>Vải c&oacute; nguồn gốc l&agrave; Cotton US, được kiểm so&aacute;t bởi hiệp hội b&ocirc;ng US uy t&iacute;n, đặc biệt khả năng truy xuất nguồn gốc đ&aacute;ng tin cậy nhất trong c&aacute;c loại b&ocirc;ng</li>\r\n</ul>\r\n', '<p>100% Cotton<br />\r\nGiặt m&aacute;y nhẹ nh&agrave;ng, ở nhiệt độ thường<br />\r\nKh&ocirc;ng sử dụng h&oacute;a chất tẩy&nbsp;<br />\r\nSấy kh&ocirc; nhẹ nh&agrave;ng, l&agrave; ở nhiệt độ trung b&igrave;nh 150 độ C&nbsp;<br />\r\nGiặt với sản phẩm c&ugrave;ng m&agrave;u</p>\r\n', '15433801766BJ18A008.jpg', '15435135406BJ18A0082.jpg', '15435135406BJ18A0083.jpg', '15435135406BJ18A0084.jpg', 0, 329000, 2, 1),
(80, 13, 0, 'Quần Jean Nữ 6BJ18A007', '<p>Quần jeans nữ d&aacute;ng boyfriend thuộc d&ograve;ng Casual<br />\r\nThiết kế đơn giản với chi tiết m&agrave;i bạc nhẹ tạo sự trẻ trung năng động cho người mặc<br />\r\nChất liệu Cotton US mềm mại, co gi&atilde;n, thấm h&uacute;t mồ h&ocirc;i tốt<br />\r\nChất liệu &iacute;t co ng&oacute;t, bền bỉ theo năm th&aacute;ng</p>\r\n\r\n<ul>\r\n	<li>Vải c&oacute; nguồn gốc l&agrave; Cotton US, được kiểm so&aacute;t bởi hiệp hội b&ocirc;ng US uy t&iacute;n, đặc biệt khả năng truy xuất nguồn gốc đ&aacute;ng tin cậy nhất trong c&aacute;c loại b&ocirc;ng</li>\r\n</ul>\r\n', '<p>100% Cotton<br />\r\nGiặt m&aacute;y nhẹ nh&agrave;ng, ở nhiệt độ thường<br />\r\nKh&ocirc;ng sử dụng h&oacute;a chất tẩy&nbsp;<br />\r\nSấy kh&ocirc; nhẹ nh&agrave;ng, l&agrave; ở nhiệt độ trung b&igrave;nh 150 độ C&nbsp;<br />\r\nGiặt với sản phẩm c&ugrave;ng m&agrave;u</p>\r\n', '15433802426BJ18A007.jpg', '15435134676BJ18A0072.jpg', '15435134676BJ18A0073.jpg', '15435134676BJ18A0074.jpg', 0, 629000, 2, 0),
(81, 13, 0, 'Quần Jean Nữ 6BJ18A009', '<p>Quần jeans nữ d&aacute;ng skinny thuộc d&ograve;ng Casual<br />\r\nThiết kế đơn giản với chi tiết m&agrave;i bạc nhẹ tạo sự trẻ trung năng động cho người mặc<br />\r\nChất liệu Cotton mềm mại, co gi&atilde;n, thấm h&uacute;t mồ h&ocirc;i tốt</p>\r\n', '<p>98% cotton 2% spandex<br />\r\nGiặt m&aacute;y nhẹ nh&agrave;ng, ở nhiệt độ thường<br />\r\nKh&ocirc;ng sử dụng h&oacute;a chất tẩy&nbsp;<br />\r\nSấy kh&ocirc; nhẹ nh&agrave;ng, l&agrave; ở nhiệt độ trung b&igrave;nh 150 độ C&nbsp;<br />\r\nGiặt với sản phẩm c&ugrave;ng m&agrave;u</p>\r\n', '15433803166BJ18A009.jpg', '15435133636BJ18A0092.jpg', '15435133636BJ18A0093.jpg', '15435133636BJ18A0094.jpg', 0, 529000, 1, 0);
INSERT INTO `tbl_product` (`pk_product_id`, `fk_category_product_id`, `c_sex`, `c_name`, `c_description`, `c_content`, `c_img`, `c_img2`, `c_img3`, `c_img4`, `c_hotproduct`, `c_price`, `fk_type_product_id`, `c_saleproduct`) VALUES
(82, 13, 0, '6BJ18A010', '<p>Quần jeans nữ d&aacute;ng skinny thuộc d&ograve;ng Casual<br />\r\nThiết kế đơn giản với chi tiết m&agrave;i bạc nhẹ tạo sự trẻ trung năng động cho người mặc<br />\r\nChất liệu Cotton mềm mại, co gi&atilde;n, thấm h&uacute;t mồ h&ocirc;i tốt</p>\r\n', '<p>98% cotton 2% spandex<br />\r\nGiặt m&aacute;y nhẹ nh&agrave;ng, ở nhiệt độ thường<br />\r\nKh&ocirc;ng sử dụng h&oacute;a chất tẩy&nbsp;<br />\r\nSấy kh&ocirc; nhẹ nh&agrave;ng, l&agrave; ở nhiệt độ trung b&igrave;nh 150 độ C&nbsp;<br />\r\nGiặt với sản phẩm c&ugrave;ng m&agrave;u</p>\r\n', '15433804006BJ18A010.jpg', '15435133026BJ18A0102.html', '15435133026BJ18A0103.jpg', '15435133026BJ18A0104.jpg', 0, 499000, 2, 0),
(83, 13, 0, 'Quần Jean Nữ 6BJ18A011', '<p>Quần jeans nữ d&aacute;ng slimfit &ocirc;m s&aacute;t v&agrave;o cơ thể mang đến vẻ trẻ trung, năng động<br />\r\nChất liệu Cotton mềm mại, co gi&atilde;n, thấm h&uacute;t mồ h&ocirc;i tốt</p>\r\n', '<p>98% cotton 2% spandex<br />\r\nGiặt m&aacute;y nhẹ nh&agrave;ng, ở nhiệt độ thường<br />\r\nKh&ocirc;ng sử dụng h&oacute;a chất tẩy&nbsp;<br />\r\nSấy kh&ocirc; nhẹ nh&agrave;ng, l&agrave; ở nhiệt độ trung b&igrave;nh 150 độ C&nbsp;<br />\r\nGiặt với sản phẩm c&ugrave;ng m&agrave;u</p>\r\n', '15433804676BJ18A011.jpg', '15435132296BJ18A0112.jpg', '15435132296BJ18A0113.jpg', '15435132296BJ18A0114.jpg', 0, 199000, 1, 0),
(84, 13, 0, 'Quần chân váy 6KS18W006', '<p>Ch&acirc;n v&aacute;y ngắn d&aacute;ng regular<br />\r\nChất liệu Cotton AC c&oacute; độ co gi&atilde;n vừa phải, mềm mại v&agrave; thấm mồ h&ocirc;i, ph&ugrave; hợp với tiết trời thu se lạnh</p>\r\n', '<p>50%Cotton - 50%Acrylic<br />\r\nĐể sản phẩm nơi kh&ocirc; r&aacute;o<br />\r\nTr&aacute;nh tiếp x&uacute;c trực tiếp với &aacute;nh nắng mặt trời v&agrave; nhiệt độ cao<br />\r\nTr&aacute;nh để bề mặt sản phẩm tiếp x&uacute;c với c&aacute;c vật sắc nhọn</p>\r\n', '15433806566KS18W006.jpg', '15435129676KS18S0062.jpg', '15435129676KS18S0063.jpg', '15435129676KS18S0064.jpg', 1, 449000, 3, 1),
(85, 13, 0, 'Quần chân váy 6KS18C014', '<p><a href=\"https://canifa.com/nu/danh-muc-san-pham/chan-vay.html\" target=\"_blank\">Ch&acirc;n v&aacute;y</a>&nbsp;nữ kẻ caro thuộc d&ograve;ng casual năng động, khỏe khoắn<br />\r\nChất liệu c&oacute; độ bền cao, &iacute;t khả năng bị nấm mốc, đ&agrave;n hồi v&agrave; giữ nhiệt tốt, đem lại sự thoải m&aacute;i cho người mặc trong mọi hoạt động</p>\r\n', '<p>95% Polyester 1% Rayon 4% Spandex<br />\r\nGiặt m&aacute;y nhẹ nh&agrave;ng, ở nhiệt độ thường<br />\r\nKh&ocirc;ng sử dụng h&oacute;a chất tẩy&nbsp;<br />\r\nSấy kh&ocirc; nhẹ nh&agrave;ng, l&agrave; ở nhiệt độ trung b&igrave;nh 150 độ C&nbsp;<br />\r\nGiặt với sản phẩm c&ugrave;ng m&agrave;u</p>\r\n', '15433807396KS18C014.jpg', '15435130386KS18C0142.jpg', '15435130386KS18C0143.jpg', '15435130386KS18C0144.jpg', 0, 665000, 3, 0),
(86, 13, 0, 'Quần chân váy 6KS17W016', '<ul>\r\n	<li>Ch&acirc;n v&aacute;y dạ cạp chun, kh&oacute;a k&eacute;o viền da</li>\r\n	<li>Chất vải d&agrave;y dặn, đanh mịn, giữ ấm tốt</li>\r\n</ul>\r\n', '<p>94% Polyester, 5% Viscose, 1% Spandex<br />\r\nHDSD</p>\r\n\r\n<ul>\r\n	<li>Giặt m&aacute;y ở nhiệt độ thường</li>\r\n	<li>Kh&ocirc;ng sử dụng h&oacute;a chất tẩy c&oacute; chứa clo</li>\r\n	<li>Sấy kh&ocirc; nhẹ nh&agrave;ng ở nhiệt độ thấp</li>\r\n	<li>L&agrave; ở nhiệt độ trung b&igrave;nh 110 độ C</li>\r\n	<li>Giặt với sản phẩm c&ugrave;ng m&agrave;u</li>\r\n</ul>\r\n', '15433808146KS17W016.jpg', '15435129446KS18S0062.jpg', '15435129446KS18S0063.jpg', '15435129446KS18S0064.jpg', 0, 274000, 3, 1),
(87, 14, 0, 'Váy liền 6DS18C037', '<p><a href=\"https://canifa.com/nu/danh-muc-san-pham/vay-lien/dam-om.html\" target=\"_blank\">V&aacute;y&nbsp;&ocirc;m</a>&nbsp;nữ s&aacute;t n&aacute;ch thuộc d&ograve;ng Work &amp; Play<br />\r\nThiết kế &ocirc;m với điểm nhấn vạt ch&eacute;o c&aacute;ch điệu<br />\r\nChất liệu polyester với khả năng giữ nếp v&agrave; chống nh&agrave;u tốt, độ co giặt thấp, độ bền sử dụng cao</p>\r\n', '<p>100% Polyester<br />\r\nGiặt m&aacute;y nhẹ nh&agrave;ng, ở nhiệt độ thường<br />\r\nKh&ocirc;ng sử dụng h&oacute;a chất tẩy&nbsp;<br />\r\nSấy kh&ocirc; nhẹ nh&agrave;ng, l&agrave; ở nhiệt độ trung b&igrave;nh 150 độ C&nbsp;<br />\r\nGiặt với sản phẩm c&ugrave;ng m&agrave;u</p>\r\n', '15433809826DS18C037.jpg', '15435129126DS18S0132.jpg', '15435129126DS18S0133.jpg', '15435129126DS18C037.jpg', 1, 559000, 3, 0),
(88, 14, 0, 'Váy liền 6DS18S012', '<ul>\r\n	<li><a href=\"https://canifa.com/nu/danh-muc-san-pham/vay-lien/dam-om.html\" target=\"_blank\">V&aacute;y&nbsp;&ocirc;m</a>&nbsp;d&aacute;ng d&agrave;i thuộc d&ograve;ng Work &amp; Play</li>\r\n	<li>Thiết kế cổ tr&ograve;n, tay chờm k&egrave;m đai thắt eo thanh lịch sang trọng</li>\r\n	<li>Chất vải d&agrave;y dặn, đứng phom, bề mặt vải mềm mịn mang lại cảm gi&aacute;c thoải m&aacute;i cho người mặc</li>\r\n	<li>Th&ocirc;ng tin người mẫu: 1m70 &amp; 52kg &ndash; Quần size M, &aacute;o size M</li>\r\n</ul>\r\n', '<p>85% Polyester, 15% Spandex<br />\r\nHDSD</p>\r\n\r\n<ul>\r\n	<li>Giặt m&aacute;y ở chế độ nhẹ nh&agrave;ng, nhiệt độ th&ocirc;ng thường</li>\r\n	<li>Sấy kh&ocirc; ở nhiệt độ thấp 110&deg;, l&agrave; ở nhiệt độ trung b&igrave;nh 150&deg;</li>\r\n</ul>\r\n', '15433810526DS18S012.jpg', '15435128896DS18S0122.jpg', '15435128896DS18S0123.jpg', '15435128896DS18S0124.jpg', 0, 390000, 1, 0),
(89, 14, 0, 'Váy liền 6DS18S013', '<ul>\r\n	<li>V&aacute;y nữ hở vai&nbsp;thuộc d&ograve;ng Work &amp; Play</li>\r\n	<li>Thiết kế cổ tr&ograve;n, phom d&aacute;ng chữ A thanh lịch sang trọng</li>\r\n	<li>Chất vải d&agrave;y dặn, đứng phom, bề mặt vải mềm mịn mang lại cảm gi&aacute;c thoải m&aacute;i cho người mặc</li>\r\n	<li>Th&ocirc;ng tin người mẫu: 1m70 &amp; 52kg &ndash; Quần size M, &aacute;o size M</li>\r\n</ul>\r\n', '<p>100% Polyester<br />\r\nHDSD</p>\r\n\r\n<ul>\r\n	<li>Giặt m&aacute;y ở chế độ nhẹ nh&agrave;ng, nhiệt độ th&ocirc;ng thường</li>\r\n	<li>Sấy kh&ocirc; ở nhiệt độ thấp 110&deg;, l&agrave; ở nhiệt độ trung b&igrave;nh 150&deg;</li>\r\n</ul>\r\n', '15433811286DS18S013.jpg', '15435127246DS18S0132.jpg', '15435127246DS18S0133.jpg', '15435127256DS18S0134.jpg', 0, 890000, 2, 0),
(90, 14, 0, 'Váy liền 6KS18S006', '<ul>\r\n	<li><a href=\"https://canifa.com/nu/danh-muc-san-pham/chan-vay.html\" target=\"_blank\">Ch&acirc;n v&aacute;y</a>&nbsp;xẻ vạt ch&eacute;o thuộc d&ograve;ng Work &amp; Play</li>\r\n	<li>Kiểu d&aacute;ng thanh lịch, vạt đ&iacute;nh c&uacute;c tinh tế</li>\r\n	<li>Gam m&agrave;u trung t&iacute;nh, dễ phối trang phục</li>\r\n	<li>Chất liệu voan mềm mại, tho&aacute;ng m&aacute;t</li>\r\n	<li>Sản phẩm nằm trong bộ sưu tập Marine</li>\r\n	<li>Th&ocirc;ng tin người mẫu: 1m73 &amp; 51kg &ndash; Size quần 28 hoặc size M, size &aacute;o M</li>\r\n</ul>\r\n', '<p>100% Polyester<br />\r\nHDSD</p>\r\n\r\n<ul>\r\n	<li>Giặt m&aacute;y ở chế độ nhẹ nh&agrave;ng, nhiệt độ th&ocirc;ng thường</li>\r\n	<li>Sấy kh&ocirc; ở nhiệt độ thấp 110&deg;, l&agrave; ở nhiệt độ trung b&igrave;nh 150&deg;</li>\r\n	<li>Giặt với sản phẩm c&ugrave;ng m&agrave;u</li>\r\n</ul>\r\n', '15433811946KS18S006.jpg', '15435109246KS18S0062.jpg', '15435109246KS18S0063.jpg', '15435109246KS18S0064.jpg', 0, 287000, 2, 0),
(91, 14, 0, 'Váy liền 6DS18C016', '<ul>\r\n	<li><a href=\"https://canifa.com/nu/danh-muc-san-pham/vay-lien.html\" target=\"_blank\">V&aacute;y liền</a>&nbsp;dệt sợi nằm trong bộ sưu tập Super Brights</li>\r\n	<li>Thiết kế cổ tr&ograve;n, phom d&aacute;ng &ocirc;m k&egrave;m vệt m&agrave;u ch&eacute;o c&aacute; t&iacute;nh</li>\r\n	<li>Chất liệu dệt sợi mềm mại, nhẹ nh&agrave;ng, thấm h&uacute;t mồ h&ocirc;i tốt, mang lại cảm gi&aacute;c thoải m&aacute;i cho người mặc</li>\r\n	<li>Th&ocirc;ng tin người mẫu: 1m73 &amp; 51kg &ndash; Size quần 28 hoặc size M, size &aacute;o M</li>\r\n</ul>\r\n', '<p>75% Cotton, 25% Modal<br />\r\nHDSD</p>\r\n\r\n<ul>\r\n	<li>Giặt m&aacute;y ở chế độ nhẹ nh&agrave;ng, nhiệt độ th&ocirc;ng thường</li>\r\n	<li>Sấy kh&ocirc; ở nhiệt độ thấp 110&deg;, l&agrave; ở nhiệt độ trung b&igrave;nh 150&deg;</li>\r\n</ul>\r\n', '15433812646DS18C016.jpg', '15435107986DS18C0162.jpg', '15435107986DS18C0163.jpg', '15435107986DS18C0164.jpg', 0, 799000, 1, 0),
(92, 12, 0, 'Khăn Len Nữ 6AC18C002', '<p>Khăn len nữ phối tua rua<br />\r\nChất liệu c&oacute; độ co gi&atilde;n vừa phải, mềm mại v&agrave; giữ nhiệt tốt, ph&ugrave; hợp với tiết trời thu se lạnh</p>\r\n', '<p>56% Cotton 26% Acrylic 14% Nylon 4% Wool<br />\r\nGiặt m&aacute;y nhẹ nh&agrave;ng, ở nhiệt độ thường<br />\r\nKh&ocirc;ng sử dụng h&oacute;a chất tẩy<br />\r\nSấy kh&ocirc; nhẹ nh&agrave;ng, l&agrave; ở nhiệt độ trung b&igrave;nh 150 độ C<br />\r\nGiặt mặt tr&aacute;i sản phẩm, phơi phẳng trong b&oacute;ng m&aacute;t</p>\r\n', '15433881786AC18C002.jpg', '15435106306AC18C0034.jpg', '15435106306AC18C0033.jpg', '15435106306AC17W013(1).jpg', 1, 299000, 2, 1),
(93, 12, 0, 'Khăn Len Nữ 6AC18C003', '<p>Khăn len nữ phối tua rua<br />\r\nChất liệu c&oacute; độ co gi&atilde;n vừa phải, mềm mại v&agrave; giữ nhiệt tốt, ph&ugrave; hợp với tiết trời thu se lạnh</p>\r\n', '<p>56% Cotton 26% Acrylic 14% Nylon 4% Wool<br />\r\nGiặt m&aacute;y nhẹ nh&agrave;ng, ở nhiệt độ thường<br />\r\nKh&ocirc;ng sử dụng h&oacute;a chất tẩy<br />\r\nSấy kh&ocirc; nhẹ nh&agrave;ng, l&agrave; ở nhiệt độ trung b&igrave;nh 150 độ C<br />\r\nGiặt mặt tr&aacute;i sản phẩm, phơi phẳng trong b&oacute;ng m&aacute;t</p>\r\n', '15433882686AC18C003.jpg', '15435105776AC18C0032.jpg', '15435105776AC18C0033.jpg', '15435105776AC18C0034.jpg', 0, 299000, 2, 0),
(94, 12, 0, 'Khăn Len Nữ 6AC18C001', '<p>Khăn len nữ dệt họa tiết<br />\r\nChất liệu mềm mại, bền m&agrave;u, giữ nhiệt tốt, ấm &aacute;p về m&ugrave;a đ&ocirc;ng</p>\r\n', '<p>69% Cotton 16% Viscose 15% Nylon<br />\r\nGiặt m&aacute;y ở chế độ nhẹ nh&agrave;ng, nhiệt độ th&ocirc;ng thường<br />\r\nSử dụng h&oacute;a chất tẩy kh&ocirc;ng c&oacute; chất Clo<br />\r\nSấy kh&ocirc; ở nhiệt độ thấp 110&deg;<br />\r\nGiặt với sản phẩm c&ugrave;ng m&agrave;u<br />\r\nN&ecirc;n phơi vắt ngang</p>\r\n', '15433883556AC18C001.jpg', '15435104696AC18C0012.jpg', '15435104696AC18C0013.jpg', '15435104696AC18C0014.jpg', 0, 299000, 1, 0),
(95, 12, 0, 'Khăn Len Nữ 6AC18C004', '<p>Khăn len nữ dệt họa tiết<br />\r\nChất liệu mềm mại, bền m&agrave;u, giữ nhiệt tốt, ấm &aacute;p về m&ugrave;a đ&ocirc;ng</p>\r\n', '<p>69% Cotton 16% Viscose 15% Nylon<br />\r\nGiặt m&aacute;y ở chế độ nhẹ nh&agrave;ng, nhiệt độ th&ocirc;ng thường<br />\r\nSử dụng h&oacute;a chất tẩy kh&ocirc;ng c&oacute; chất Clo<br />\r\nSấy kh&ocirc; ở nhiệt độ thấp 110&deg;<br />\r\nGiặt với sản phẩm c&ugrave;ng m&agrave;u<br />\r\nN&ecirc;n phơi vắt ngang</p>\r\n', '15433884926AC18C004.jpg', '15435103246AC18C0041.jpg', '15435103246AC18C0042.jpg', '15435103246AC18C0043.jpg', 1, 329000, 1, 0),
(96, 12, 0, 'Khăn Len Nữ 6AC17W012', '<ul>\r\n	<li>Khăn nữ d&agrave;i, nhuộm m&agrave;u loang</li>\r\n	<li>Chất liệu &ecirc;m &aacute;i, mềm mại, c&oacute; khả năng thấm h&uacute;t mồ h&ocirc;i, ấm &aacute;p v&agrave;o m&ugrave;a đ&ocirc;ng, tho&aacute;ng m&aacute;t v&agrave;o m&ugrave;a h&egrave;</li>\r\n	<li>Thiết kế dễ d&agrave;ng thay đổi kiểu d&aacute;ng từ thắt n&uacute;t đến quấn tr&ograve;n hay thả lỏng tự nhi&ecirc;n</li>\r\n</ul>\r\n', '<p>56% Cotton 26% Acrylic 14% Nylon 4% Wool<br />\r\nGiặt m&aacute;y nhẹ nh&agrave;ng, ở nhiệt độ thường<br />\r\nKh&ocirc;ng sử dụng h&oacute;a chất tẩy<br />\r\nSấy kh&ocirc; nhẹ nh&agrave;ng, l&agrave; ở nhiệt độ trung b&igrave;nh 150 độ C<br />\r\nGiặt mặt tr&aacute;i sản phẩm, phơi phẳng trong b&oacute;ng m&aacute;t</p>\r\n', '15433885796AC17W012.jpg', '15435102286AC17W012(1).jpg', '15435102286AC17W012(2).jpg', '15435102296AC17W012(3).jpg', 0, 199000, 2, 1),
(97, 12, 0, 'Khăn Len Nữ 6AC17W010', '<ul>\r\n	<li>Khăn nữ d&agrave;i, nhuộm m&agrave;u loang, gấu x&otilde;a chỉ</li>\r\n	<li>Chất liệu &ecirc;m &aacute;i, mềm mại, c&oacute; khả năng thấm h&uacute;t mồ h&ocirc;i, ấm &aacute;p v&agrave;o m&ugrave;a đ&ocirc;ng, tho&aacute;ng m&aacute;t v&agrave;o m&ugrave;a h&egrave;</li>\r\n	<li>Thiết kế dễ d&agrave;ng thay đổi kiểu d&aacute;ng từ thắt n&uacute;t đến quấn tr&ograve;n hay thả lỏng tự nhi&ecirc;n</li>\r\n</ul>\r\n', '<p>56% Cotton 26% Acrylic 14% Nylon 4% Wool<br />\r\nGiặt m&aacute;y nhẹ nh&agrave;ng, ở nhiệt độ thường<br />\r\nKh&ocirc;ng sử dụng h&oacute;a chất tẩy<br />\r\nSấy kh&ocirc; nhẹ nh&agrave;ng, l&agrave; ở nhiệt độ trung b&igrave;nh 150 độ C<br />\r\nGiặt mặt tr&aacute;i sản phẩm, phơi phẳng trong b&oacute;ng m&aacute;t</p>\r\n', '15433886696AC17W010.jpg', '15435100796AC17W010(1).jpg', '15435100796AC17W010(2).jpg', '15435100796AC17W010(3).jpg', 1, 395000, 2, 0),
(98, 12, 0, 'Khăn Len Nữ 6AC17W013', '<ul>\r\n	<li>Khăn nữ d&agrave;i, nhuộm m&agrave;u loang</li>\r\n	<li>Chất liệu &ecirc;m &aacute;i, mềm mại, c&oacute; khả năng thấm h&uacute;t mồ h&ocirc;i, ấm &aacute;p v&agrave;o m&ugrave;a đ&ocirc;ng, tho&aacute;ng m&aacute;t v&agrave;o m&ugrave;a h&egrave;</li>\r\n	<li>Thiết kế dễ d&agrave;ng thay đổi kiểu d&aacute;ng từ thắt n&uacute;t đến quấn tr&ograve;n hay thả lỏng tự nhi&ecirc;n</li>\r\n</ul>\r\n', '<p>56% Cotton 26% Acrylic 14% Nylon 4% Wool<br />\r\nGiặt m&aacute;y nhẹ nh&agrave;ng, ở nhiệt độ thường<br />\r\nKh&ocirc;ng sử dụng h&oacute;a chất tẩy<br />\r\nSấy kh&ocirc; nhẹ nh&agrave;ng, l&agrave; ở nhiệt độ trung b&igrave;nh 150 độ C<br />\r\nGiặt mặt tr&aacute;i sản phẩm, phơi phẳng trong b&oacute;ng m&aacute;t</p>\r\n', '15433887416AC17W013.jpg', '15435095586AC17W013(1).jpg', '15435095586AC17W013(2).jpg', '15435095586AC17W013(3).jpg', 0, 187000, 1, 1),
(100, 10, 1, 'ÁO KHOÁC DA MSAKD01', '<p>Kiểu d&aacute;ng năng động, trẻ trung, t&ocirc;n l&ecirc;n vẻ khỏe khoắn, nam t&iacute;nh.&nbsp;</p>\r\n\r\n<p>M&agrave;u sắc trang nh&atilde;, bạn thoải m&aacute;i mix với nhiều trang phục kh&aacute;c nhau như jeans, kaki, short...cho bạn phong c&aacute;ch năng động, c&aacute; t&iacute;nh.</p>\r\n', '<p>25% wool 75% polyester<br />\r\nGiặt tay ở nhiệt độ thường, kh&ocirc;ng sử dụng chất tẩy<br />\r\nGiặt mặt tr&aacute;i sản phẩm, phơi phẳng trong b&oacute;ng m&aacute;t<br />\r\nKh&ocirc;ng được sấy, l&agrave; ở nhiệt độ 110 độ C<br />\r\nGiặt với sản phẩm c&ugrave;ng m&agrave;u</p>\r\n', '1543552580MSAKD01.jpg', '1543552580MSAKD012.jpg', '1543552580MSAKD013.jpg', '1543552580MSAKD014.jpg', 1, 1230000, 2, 1),
(101, 10, 1, 'ÁO KHOÁC DA MSAKD02', '<p>&Aacute;o kho&aacute;c dạ nữ d&aacute;ng regular, c&oacute; chi tiết viền m&agrave;u c&aacute; t&iacute;nh, nổi bật<br />\r\nChất liệu polyester pha wool hạn chế nhăn nh&agrave;u, độ bền cơ l&yacute; cao, giữ nhiệt tốt, ấm &aacute;p về m&ugrave;a đ&ocirc;ng</p>\r\n', '<p>25% wool 75% polyester<br />\r\nGiặt tay ở nhiệt độ thường, kh&ocirc;ng sử dụng chất tẩy<br />\r\nGiặt mặt tr&aacute;i sản phẩm, phơi phẳng trong b&oacute;ng m&aacute;t<br />\r\nKh&ocirc;ng được sấy, l&agrave; ở nhiệt độ 110 độ C<br />\r\nGiặt với sản phẩm c&ugrave;ng m&agrave;u</p>\r\n', '1543552824MSAKD02.jpg', '1543552824MSAKD022.jpg', '1543552824MSAKD023.jpg', '1543552824MSAKD024.jpg', 1, 1900000, 2, 0),
(102, 10, 1, 'ÁO KHOÁC DA MSAKD03', '<p>&Aacute;o kho&aacute;c dạ nữ d&aacute;ng regular, c&oacute; chi tiết viền m&agrave;u c&aacute; t&iacute;nh, nổi bật<br />\r\nChất liệu polyester pha wool hạn chế nhăn nh&agrave;u, độ bền cơ l&yacute; cao, giữ nhiệt tốt, ấm &aacute;p về m&ugrave;a đ&ocirc;ng</p>\r\n', '<p>25% wool 75% polyester<br />\r\nGiặt tay ở nhiệt độ thường, kh&ocirc;ng sử dụng chất tẩy<br />\r\nGiặt mặt tr&aacute;i sản phẩm, phơi phẳng trong b&oacute;ng m&aacute;t<br />\r\nKh&ocirc;ng được sấy, l&agrave; ở nhiệt độ 110 độ C<br />\r\nGiặt với sản phẩm c&ugrave;ng m&agrave;u</p>\r\n', '1543553012MSAKD03.jpg', '1543553012MSAKD033.jpg', '1543553012MSAKD032.jpg', '1543553012MSAKD0324.jpg', 0, 1580000, 2, 0),
(103, 10, 1, 'ÁO KHOÁC DA MSAKD04', '<p>&Aacute;o kho&aacute;c dạ nữ d&aacute;ng regular, c&oacute; chi tiết viền m&agrave;u c&aacute; t&iacute;nh, nổi bật<br />\r\nChất liệu polyester pha wool hạn chế nhăn nh&agrave;u, độ bền cơ l&yacute; cao, giữ nhiệt tốt, ấm &aacute;p về m&ugrave;a đ&ocirc;ng</p>\r\n', '<p>25% wool 75% polyester<br />\r\nGiặt tay ở nhiệt độ thường, kh&ocirc;ng sử dụng chất tẩy<br />\r\nGiặt mặt tr&aacute;i sản phẩm, phơi phẳng trong b&oacute;ng m&aacute;t<br />\r\nKh&ocirc;ng được sấy, l&agrave; ở nhiệt độ 110 độ C<br />\r\nGiặt với sản phẩm c&ugrave;ng m&agrave;u</p>\r\n', '1543553103MSAKD04.jpg', '1543553103MSAKD042.jpg', '1543553103MSAKD043.jpg', '1543553103MSAKD044.jpg', 0, 995000, 2, 1),
(104, 10, 1, 'ÁO KHOÁC DA MSAKD05', '<p>&Aacute;o kho&aacute;c dạ nữ d&aacute;ng regular, c&oacute; chi tiết viền m&agrave;u c&aacute; t&iacute;nh, nổi bật<br />\r\nChất liệu polyester pha wool hạn chế nhăn nh&agrave;u, độ bền cơ l&yacute; cao, giữ nhiệt tốt, ấm &aacute;p về m&ugrave;a đ&ocirc;ng</p>\r\n', '<p>25% wool 75% polyester<br />\r\nGiặt tay ở nhiệt độ thường, kh&ocirc;ng sử dụng chất tẩy<br />\r\nGiặt mặt tr&aacute;i sản phẩm, phơi phẳng trong b&oacute;ng m&aacute;t<br />\r\nKh&ocirc;ng được sấy, l&agrave; ở nhiệt độ 110 độ C<br />\r\nGiặt với sản phẩm c&ugrave;ng m&agrave;u</p>\r\n', '1543553256MSAKD05.jpg', '1543553256MSAKD014.jpg', '1543553256MSAKD022.jpg', '1543553256MSAKD042.jpg', 0, 1100000, 2, 0);

-- --------------------------------------------------------

--
-- Cấu trúc bảng cho bảng `tbl_respond`
--

CREATE TABLE `tbl_respond` (
  `pk_respond_id` int(11) NOT NULL,
  `hovaten` varchar(500) COLLATE utf8_unicode_ci NOT NULL,
  `email` varchar(500) COLLATE utf8_unicode_ci NOT NULL,
  `noidung` varchar(500) COLLATE utf8_unicode_ci NOT NULL,
  `thoigian` varchar(500) COLLATE utf8_unicode_ci NOT NULL
) ENGINE=InnoDB DEFAULT CHARSET=utf8 COLLATE=utf8_unicode_ci;

--
-- Đang đổ dữ liệu cho bảng `tbl_respond`
--

INSERT INTO `tbl_respond` (`pk_respond_id`, `hovaten`, `email`, `noidung`, `thoigian`) VALUES
(1, 'Nam', 'namvu121997@gmail.com', 'hello world', '2018-11-30 15:02:42'),
(2, 'Nam Vũ', '123', '123', '2018-11-30 15:02:49'),
(3, 'Nam Vũ', '123', '123', '2018-11-30 15:06:05');

-- --------------------------------------------------------

--
-- Cấu trúc bảng cho bảng `tbl_slide`
--

CREATE TABLE `tbl_slide` (
  `pk_slide_id` int(11) NOT NULL,
  `c_name` varchar(500) COLLATE utf8_unicode_ci NOT NULL,
  `c_img` varchar(500) COLLATE utf8_unicode_ci NOT NULL,
  `c_description` varchar(500) COLLATE utf8_unicode_ci NOT NULL
) ENGINE=InnoDB DEFAULT CHARSET=utf8 COLLATE=utf8_unicode_ci;

--
-- Đang đổ dữ liệu cho bảng `tbl_slide`
--

INSERT INTO `tbl_slide` (`pk_slide_id`, `c_name`, `c_img`, `c_description`) VALUES
(5, '4', '1540703270slide.png', ''),
(6, '5', '1540703265add2.png', ''),
(7, '123', '1540703259add1.png', '');

-- --------------------------------------------------------

--
-- Cấu trúc bảng cho bảng `tbl_static`
--

CREATE TABLE `tbl_static` (
  `pk_static_id` int(11) NOT NULL,
  `sotruycap` int(11) NOT NULL
) ENGINE=InnoDB DEFAULT CHARSET=utf8 COLLATE=utf8_unicode_ci;

--
-- Đang đổ dữ liệu cho bảng `tbl_static`
--

INSERT INTO `tbl_static` (`pk_static_id`, `sotruycap`) VALUES
(1, 0);

-- --------------------------------------------------------

--
-- Cấu trúc bảng cho bảng `tbl_type_product`
--

CREATE TABLE `tbl_type_product` (
  `pk_type_product_id` int(11) NOT NULL,
  `c_name` varchar(500) COLLATE utf8_unicode_ci NOT NULL
) ENGINE=InnoDB DEFAULT CHARSET=utf8 COLLATE=utf8_unicode_ci;

--
-- Đang đổ dữ liệu cho bảng `tbl_type_product`
--

INSERT INTO `tbl_type_product` (`pk_type_product_id`, `c_name`) VALUES
(1, 'Thời trang công sở'),
(2, 'Thời trang dạo phố'),
(3, 'Thời trang dạ tiệc');

-- --------------------------------------------------------

--
-- Cấu trúc bảng cho bảng `tbl_user`
--

CREATE TABLE `tbl_user` (
  `pk_user_id` int(11) NOT NULL,
  `c_email` varchar(500) COLLATE utf8_unicode_ci NOT NULL,
  `c_password` varchar(500) COLLATE utf8_unicode_ci NOT NULL,
  `c_fullname` varchar(500) COLLATE utf8_unicode_ci NOT NULL
) ENGINE=InnoDB DEFAULT CHARSET=utf8 COLLATE=utf8_unicode_ci;

--
-- Đang đổ dữ liệu cho bảng `tbl_user`
--

INSERT INTO `tbl_user` (`pk_user_id`, `c_email`, `c_password`, `c_fullname`) VALUES
(1, 'admin@mail.com', '202cb962ac59075b964b07152d234b70', 'Nguyễn Văn A'),
(3, '124124@123', '3f2cf36a0963cf127ce8b5f1eb91a447', '124124');

--
-- Chỉ mục cho các bảng đã đổ
--

--
-- Chỉ mục cho bảng `tbl_brand`
--
ALTER TABLE `tbl_brand`
  ADD PRIMARY KEY (`pk_brand_id`);

--
-- Chỉ mục cho bảng `tbl_category_news`
--
ALTER TABLE `tbl_category_news`
  ADD PRIMARY KEY (`pk_category_news_id`);

--
-- Chỉ mục cho bảng `tbl_category_product`
--
ALTER TABLE `tbl_category_product`
  ADD PRIMARY KEY (`pk_category_product_id`);

--
-- Chỉ mục cho bảng `tbl_customer`
--
ALTER TABLE `tbl_customer`
  ADD PRIMARY KEY (`customer_id`);

--
-- Chỉ mục cho bảng `tbl_news`
--
ALTER TABLE `tbl_news`
  ADD PRIMARY KEY (`pk_news_id`);

--
-- Chỉ mục cho bảng `tbl_order`
--
ALTER TABLE `tbl_order`
  ADD PRIMARY KEY (`order_id`);

--
-- Chỉ mục cho bảng `tbl_order_detail`
--
ALTER TABLE `tbl_order_detail`
  ADD PRIMARY KEY (`order_detail_id`);

--
-- Chỉ mục cho bảng `tbl_product`
--
ALTER TABLE `tbl_product`
  ADD PRIMARY KEY (`pk_product_id`);

--
-- Chỉ mục cho bảng `tbl_respond`
--
ALTER TABLE `tbl_respond`
  ADD PRIMARY KEY (`pk_respond_id`);

--
-- Chỉ mục cho bảng `tbl_slide`
--
ALTER TABLE `tbl_slide`
  ADD PRIMARY KEY (`pk_slide_id`);

--
-- Chỉ mục cho bảng `tbl_static`
--
ALTER TABLE `tbl_static`
  ADD PRIMARY KEY (`pk_static_id`);

--
-- Chỉ mục cho bảng `tbl_type_product`
--
ALTER TABLE `tbl_type_product`
  ADD PRIMARY KEY (`pk_type_product_id`);

--
-- Chỉ mục cho bảng `tbl_user`
--
ALTER TABLE `tbl_user`
  ADD PRIMARY KEY (`pk_user_id`);

--
-- AUTO_INCREMENT cho các bảng đã đổ
--

--
-- AUTO_INCREMENT cho bảng `tbl_brand`
--
ALTER TABLE `tbl_brand`
  MODIFY `pk_brand_id` int(11) NOT NULL AUTO_INCREMENT, AUTO_INCREMENT=7;

--
-- AUTO_INCREMENT cho bảng `tbl_category_news`
--
ALTER TABLE `tbl_category_news`
  MODIFY `pk_category_news_id` int(11) NOT NULL AUTO_INCREMENT, AUTO_INCREMENT=4;

--
-- AUTO_INCREMENT cho bảng `tbl_category_product`
--
ALTER TABLE `tbl_category_product`
  MODIFY `pk_category_product_id` int(11) NOT NULL AUTO_INCREMENT, AUTO_INCREMENT=15;

--
-- AUTO_INCREMENT cho bảng `tbl_customer`
--
ALTER TABLE `tbl_customer`
  MODIFY `customer_id` int(11) NOT NULL AUTO_INCREMENT, AUTO_INCREMENT=7;

--
-- AUTO_INCREMENT cho bảng `tbl_news`
--
ALTER TABLE `tbl_news`
  MODIFY `pk_news_id` int(11) NOT NULL AUTO_INCREMENT, AUTO_INCREMENT=24;

--
-- AUTO_INCREMENT cho bảng `tbl_order`
--
ALTER TABLE `tbl_order`
  MODIFY `order_id` int(11) NOT NULL AUTO_INCREMENT, AUTO_INCREMENT=7;

--
-- AUTO_INCREMENT cho bảng `tbl_order_detail`
--
ALTER TABLE `tbl_order_detail`
  MODIFY `order_detail_id` int(11) NOT NULL AUTO_INCREMENT, AUTO_INCREMENT=6;

--
-- AUTO_INCREMENT cho bảng `tbl_product`
--
ALTER TABLE `tbl_product`
  MODIFY `pk_product_id` int(11) NOT NULL AUTO_INCREMENT, AUTO_INCREMENT=105;

--
-- AUTO_INCREMENT cho bảng `tbl_respond`
--
ALTER TABLE `tbl_respond`
  MODIFY `pk_respond_id` int(11) NOT NULL AUTO_INCREMENT, AUTO_INCREMENT=4;

--
-- AUTO_INCREMENT cho bảng `tbl_slide`
--
ALTER TABLE `tbl_slide`
  MODIFY `pk_slide_id` int(11) NOT NULL AUTO_INCREMENT, AUTO_INCREMENT=8;

--
-- AUTO_INCREMENT cho bảng `tbl_static`
--
ALTER TABLE `tbl_static`
  MODIFY `pk_static_id` int(11) NOT NULL AUTO_INCREMENT, AUTO_INCREMENT=2;

--
-- AUTO_INCREMENT cho bảng `tbl_type_product`
--
ALTER TABLE `tbl_type_product`
  MODIFY `pk_type_product_id` int(11) NOT NULL AUTO_INCREMENT, AUTO_INCREMENT=4;

--
-- AUTO_INCREMENT cho bảng `tbl_user`
--
ALTER TABLE `tbl_user`
  MODIFY `pk_user_id` int(11) NOT NULL AUTO_INCREMENT, AUTO_INCREMENT=4;
COMMIT;

/*!40101 SET CHARACTER_SET_CLIENT=@OLD_CHARACTER_SET_CLIENT */;
/*!40101 SET CHARACTER_SET_RESULTS=@OLD_CHARACTER_SET_RESULTS */;
/*!40101 SET COLLATION_CONNECTION=@OLD_COLLATION_CONNECTION */;
